var_scaling_factor,var_name,var_min,var_max,var_isnan,var_isinf
1,alpha,1.500000,1.500000,0,0
1,beta,1.200000,1.200000,0,0
1,A,0.000000,0.937500,0,0
1,B,0.000000,0.937500,0,0
1,tmp,0.000000,0.000000,0,0
1,x,0.000000,0.937500,0,0
1,y,0.000000,0.000000,0,0
1,alpha,1.500000,1.500000,0,0
1,beta,1.200000,1.200000,0,0
1,A,0.000000,0.937500,0,0
1,B,0.000000,0.937500,0,0
1,tmp,0.468750,4.406250,0,0
1,x,0.000000,0.937500,0,0
1,y,1.828125,11.325001,0,0
