var_scaling_factor,var_name,var_min,var_max,var_isnan,var_isinf
16,A,0.000000,3.360000,0,0
16,x,16.000000,31.272728,0,0
16,y,0.000000,0.000000,0,0
16,tmp,0.000000,0.000000,0,0
16,A,0.000000,3.360000,0,0
16,x,16.000000,31.272728,0,0
16,y,25954.304688,31504.384766,0,0
16,tmp,821.759949,976.640015,0,0
