taffo_start,init_start,vra_start,dta_start,conversion_start,backend_start,taffo_end
1694174714.084046452,1694174714.512581283,1694174714.599394802,1694174714.740256853,1694174714.825852126,1694174714.912879730,1694174715.047752542
