taffo_start,init_start,vra_start,dta_start,conversion_start,backend_start,taffo_end
1694174724.446498436,1694174724.884797552,1694174724.979909306,1694174725.137511775,1694174725.233598657,1694174725.327883764,1694174725.493932935
