taffo_start,init_start,vra_start,dta_start,conversion_start,backend_start,taffo_end
1694174722.344357263,1694174722.787753910,1694174722.882866955,1694174723.040850854,1694174723.134250580,1694174723.233825352,1694174723.400757769
