taffo_start,init_start,vra_start,dta_start,conversion_start,backend_start,taffo_end
1694174726.544289609,1694174726.984704339,1694174727.079563159,1694174727.238998526,1694174727.333052370,1694174727.427639102,1694174727.596484612
