taffo_start,init_start,vra_start,dta_start,conversion_start,backend_start,taffo_end
1694174734.901445102,1694174735.346112128,1694174735.447622945,1694174735.617092957,1694174735.710475993,1694174735.804501902,1694174735.971831945
