taffo_start,init_start,vra_start,dta_start,conversion_start,backend_start,taffo_end
1694174728.627902903,1694174729.066287991,1694174729.162451378,1694174729.322600973,1694174729.422545538,1694174729.518089128,1694174729.684924234
