taffo_start,init_start,vra_start,dta_start,conversion_start,backend_start,taffo_end
1694174718.107215157,1694174718.545654296,1694174718.643442598,1694174718.801361588,1694174718.894641317,1694174719.008216766,1694174719.204638497
