taffo_start,init_start,vra_start,dta_start,conversion_start,backend_start,taffo_end
1694174720.243958679,1694174720.696243922,1694174720.792236304,1694174720.951386316,1694174721.045734786,1694174721.140764466,1694174721.310427413
