taffo_start,init_start,vra_start,dta_start,conversion_start,backend_start,taffo_end
1694174730.731789119,1694174731.170942241,1694174731.267743213,1694174731.426600406,1694174731.520462338,1694174731.614681730,1694174731.780878421
