taffo_start,init_start,vra_start,dta_start,conversion_start,backend_start,taffo_end
1694174716.013382788,1694174716.458749353,1694174716.554167116,1694174716.712024809,1694174716.806423360,1694174716.900845780,1694174717.068533605
