taffo_start,init_start,vra_start,dta_start,conversion_start,backend_start,taffo_end
1694174732.820553201,1694174733.258573528,1694174733.353500576,1694174733.515260237,1694174733.610555185,1694174733.704534841,1694174733.870741283
