var_scaling_factor,var_name,var_min,var_max,var_isnan,var_isinf
64,tsteps,10.000000,10.000000,0,0
64,A,128.000000,1664.000000,0,0
64,B,128.000000,1664.000000,0,0
64,tsteps,10.000000,10.000000,0,0
64,A,128.000000,1664.000000,0,0
64,B,128.000000,1664.000000,0,0
