var_scaling_factor,var_name,var_min,var_max,var_isnan,var_isinf
1,tsteps,10.000000,10.000000,0,0
1,A,0.100000,20.049999,0,0
1,tsteps,10.000000,10.000000,0,0
1,A,0.100000,20.049999,0,0
