var_scaling_factor,var_name,var_min,var_max,var_isnan,var_isinf
4,alpha,1.500000,1.500000,0,0
4,beta,1.200000,1.200000,0,0
4,A,0.000000,3.500000,0,0
4,B,0.000000,3.600000,0,0
4,C,0.000000,3.714286,0,0
4,D,0.000000,3.666667,0,0
4,tmp,0.000000,0.000000,0,0
4,alpha,1.500000,1.500000,0,0
4,beta,1.200000,1.200000,0,0
4,A,0.000000,3.500000,0,0
4,B,0.000000,3.600000,0,0
4,C,0.000000,3.714286,0,0
4,D,35.142860,1227.599976,0,0
4,tmp,0.000000,73.799995,0,0
