var_scaling_factor,var_name,var_min,var_max,var_isnan,var_isinf
1,tsteps,10.000000,10.000000,0,0
1,A,2.000000,26.000000,0,0
1,B,2.000000,26.000000,0,0
1,tsteps,10.000000,10.000000,0,0
1,A,2.000000,26.000000,0,0
1,B,2.000000,26.000000,0,0
