var_scaling_factor,var_name,var_min,var_max,var_isnan,var_isinf
128,A,0.000000,26.879999,0,0
128,x,128.000000,250.181824,0,0
128,y,0.000000,0.000000,0,0
128,tmp,0.000000,0.000000,0,0
128,A,0.000000,26.879999,0,0
128,x,128.000000,250.181824,0,0
128,y,13288604.000000,16130245.000000,0,0
128,tmp,52592.636719,62504.960938,0,0
