taffo_start,init_start,vra_start,dta_start,conversion_start,backend_start,taffo_end
1694171107.486516738,1694171107.972270365,1694171108.114736271,1694171108.396087291,1694171108.520065543,1694171108.644903604,1694171108.885488808
