taffo_start,init_start,vra_start,dta_start,conversion_start,backend_start,taffo_end
1694171094.172835034,1694171094.715351577,1694171094.839979242,1694171095.117441291,1694171095.238425063,1694171095.414768686,1694171095.662953214
