taffo_start,init_start,vra_start,dta_start,conversion_start,backend_start,taffo_end
1694171099.603109608,1694171100.076105309,1694171100.215963418,1694171100.515357176,1694171100.640155483,1694171100.756665746,1694171100.971168579
