taffo_start,init_start,vra_start,dta_start,conversion_start,backend_start,taffo_end
1694171088.841042783,1694171089.333445422,1694171089.468065460,1694171089.755538005,1694171089.877886296,1694171090.003911168,1694171090.236395367
