taffo_start,init_start,vra_start,dta_start,conversion_start,backend_start,taffo_end
1694171086.599665224,1694171087.044029154,1694171087.147008089,1694171087.387944756,1694171087.490049381,1694171087.590602923,1694171087.746257850
