taffo_start,init_start,vra_start,dta_start,conversion_start,backend_start,taffo_end
1694171096.926372991,1694171097.423757587,1694171097.551742280,1694171097.809079334,1694171097.926727457,1694171098.049740477,1694171098.264853550
