taffo_start,init_start,vra_start,dta_start,conversion_start,backend_start,taffo_end
1694171113.237153254,1694171113.697139337,1694171113.816163701,1694171114.080198794,1694171114.197917639,1694171114.318890358,1694171114.538843526
