taffo_start,init_start,vra_start,dta_start,conversion_start,backend_start,taffo_end
1694171102.303606800,1694171102.778764923,1694171102.901974432,1694171103.164336111,1694171103.286648099,1694171103.445117523,1694171103.656821279
