taffo_start,init_start,vra_start,dta_start,conversion_start,backend_start,taffo_end
1694171104.868041194,1694171105.357506528,1694171105.498393311,1694171105.771057020,1694171105.891886677,1694171106.010051250,1694171106.230506259
