taffo_start,init_start,vra_start,dta_start,conversion_start,backend_start,taffo_end
1694171091.533548952,1694171092.042120302,1694171092.173431540,1694171092.458580735,1694171092.596313470,1694171092.727894754,1694171092.944783639
