taffo_start,init_start,vra_start,dta_start,conversion_start,backend_start,taffo_end
1694171110.273233574,1694171110.783310079,1694171110.963967613,1694171111.323314580,1694171111.441895000,1694171111.642089820,1694171111.877047478
