var_scaling_factor,var_name,var_min,var_max,var_isnan,var_isinf
1024,tsteps,10.000000,10.000000,0,0
1024,A,2048.000000,26624.000000,0,0
1024,B,2048.000000,26624.000000,0,0
1024,tsteps,10.000000,10.000000,0,0
1024,A,2048.000000,26624.000000,0,0
1024,B,2048.000000,26624.000000,0,0
