taffo_start,init_start,vra_start,dta_start,conversion_start,backend_start,taffo_end
1721160015.579794898,1721160015.992823187,1721160016.066577143,1721160016.173492862,1721160016.262087811,1721160016.339989755,1721160016.481301364
