taffo_start,init_start,vra_start,dta_start,conversion_start,backend_start,taffo_end
1721160009.720297364,1721160010.137801123,1721160010.213603749,1721160010.320339996,1721160010.396063601,1721160010.473318067,1721160010.615849324
