taffo_start,init_start,vra_start,dta_start,conversion_start,backend_start,taffo_end
1721160024.122751096,1721160024.543773068,1721160024.619951831,1721160024.725785926,1721160024.801458162,1721160024.878761185,1721160025.020182520
