taffo_start,init_start,vra_start,dta_start,conversion_start,backend_start,taffo_end
1721160007.750446977,1721160008.168313043,1721160008.242571764,1721160008.350004232,1721160008.425254736,1721160008.502139468,1721160008.643242312
