taffo_start,init_start,vra_start,dta_start,conversion_start,backend_start,taffo_end
1721160005.389542478,1721160005.791688436,1721160005.856581627,1721160005.947982692,1721160006.015402026,1721160006.083755442,1721160006.199146881
