taffo_start,init_start,vra_start,dta_start,conversion_start,backend_start,taffo_end
1721160017.511179262,1721160018.018154231,1721160018.092338034,1721160018.198289846,1721160018.282361023,1721160018.359893505,1721160018.501314102
