taffo_start,init_start,vra_start,dta_start,conversion_start,backend_start,taffo_end
1721160026.049043018,1721160026.473922351,1721160026.547667468,1721160026.666060312,1721160026.742274501,1721160026.819747914,1721160026.964336707
