taffo_start,init_start,vra_start,dta_start,conversion_start,backend_start,taffo_end
1721160013.657465277,1721160014.079669110,1721160014.153451047,1721160014.266095314,1721160014.342006720,1721160014.419578045,1721160014.560554478
