taffo_start,init_start,vra_start,dta_start,conversion_start,backend_start,taffo_end
1721160021.707157457,1721160022.580251119,1721160022.663133000,1721160022.797479992,1721160022.874748607,1721160022.952147915,1721160023.093793834
