taffo_start,init_start,vra_start,dta_start,conversion_start,backend_start,taffo_end
1721160011.685664994,1721160012.127091928,1721160012.201980648,1721160012.307864627,1721160012.383563499,1721160012.461140370,1721160012.602835211
