taffo_start,init_start,vra_start,dta_start,conversion_start,backend_start,taffo_end
1721160019.562843157,1721160019.979155849,1721160020.053243065,1721160020.159826721,1721160020.241945823,1721160020.319873066,1721160020.461342552
