var_scaling_factor,var_name,var_min,var_max,var_isnan,var_isinf
8,E,0.000000,0.000000,0,0
8,A,0.000000,1.333333,0,0
8,B,0.000000,1.400000,0,0
8,F,0.000000,0.000000,0,0
8,C,0.000000,1.466667,0,0
8,D,0.000000,1.440000,0,0
8,G,0.000000,0.000000,0,0
8,E,1.066667,6.933334,0,0
8,A,0.000000,1.333333,0,0
8,B,0.000000,1.400000,0,0
8,F,0.000000,8.192000,0,0
8,C,0.000000,1.466667,0,0
8,D,0.000000,1.440000,0,0
8,G,32.103542,222.344543,0,0
