var_scaling_factor,var_name,var_min,var_max,var_isnan,var_isinf
512,A,0.000000,486.399994,0,0
512,x1,0.000000,486.399994,0,0
512,x2,0.000000,486.399994,0,0
512,y_1,0.000000,486.399994,0,0
512,y_2,0.000000,486.399994,0,0
512,A,0.000000,486.399994,0,0
512,x1,0.000000,1284940.875000,0,0
512,x2,25.600000,1304422.375000,0,0
512,y_1,0.000000,486.399994,0,0
512,y_2,0.000000,486.399994,0,0
