var_scaling_factor,var_name,var_min,var_max,var_isnan,var_isinf
32,tsteps,10.000000,10.000000,0,0
32,A,64.000000,832.000000,0,0
32,B,64.000000,832.000000,0,0
32,tsteps,10.000000,10.000000,0,0
32,A,64.000000,832.000000,0,0
32,B,64.000000,832.000000,0,0
