var_scaling_factor,var_name,var_min,var_max,var_isnan,var_isinf
512,alpha,1.500000,1.500000,0,0
512,A,0.000000,512.000000,0,0
512,B,0.000000,480.000000,0,0
512,alpha,1.500000,1.500000,0,0
512,A,0.000000,512.000000,0,0
512,B,0.000000,1364256.000000,0,0
