var_scaling_factor,var_name,var_min,var_max,var_isnan,var_isinf
2,A,0.000000,0.420000,0,0
2,x,2.000000,3.909091,0,0
2,y,0.000000,0.000000,0,0
2,tmp,0.000000,0.000000,0,0
2,A,0.000000,0.420000,0,0
2,x,2.000000,3.909091,0,0
2,y,50.692001,61.532001,0,0
2,tmp,12.839999,15.260000,0,0
