var_scaling_factor,var_name,var_min,var_max,var_isnan,var_isinf
2,A,0.000000,1.909091,0,0
2,s,0.000000,0.000000,0,0
2,q,0.000000,0.000000,0,0
2,p,0.000000,1.900000,0,0
2,r,0.000000,1.909091,0,0
2,A,0.000000,1.909091,0,0
2,s,11.000000,27.363638,0,0
2,q,0.000000,24.181818,0,0
2,p,0.000000,1.900000,0,0
2,r,0.000000,1.909091,0,0
