taffo_start,init_start,vra_start,dta_start,conversion_start,backend_start,taffo_end
1694174959.025556429,1694174959.480456023,1694174959.599569364,1694174959.802144896,1694174959.917807879,1694174960.036446796,1694174960.244844629
