taffo_start,init_start,vra_start,dta_start,conversion_start,backend_start,taffo_end
1694174954.509615503,1694174954.947949206,1694174955.051022044,1694174955.220393196,1694174955.328883990,1694174955.427958438,1694174955.602307211
