taffo_start,init_start,vra_start,dta_start,conversion_start,backend_start,taffo_end
1694174970.889395208,1694174971.343274921,1694174971.462258183,1694174971.664238410,1694174971.781963504,1694174971.898271646,1694174972.107529959
