taffo_start,init_start,vra_start,dta_start,conversion_start,backend_start,taffo_end
1694174978.214155217,1694174978.668959037,1694174978.790061415,1694174979.004348909,1694174979.119970197,1694174979.237234324,1694174979.453559345
