taffo_start,init_start,vra_start,dta_start,conversion_start,backend_start,taffo_end
1694174973.249627324,1694174973.707211149,1694174973.828462338,1694174974.032449158,1694174974.148481851,1694174974.266286356,1694174974.474839509
