taffo_start,init_start,vra_start,dta_start,conversion_start,backend_start,taffo_end
1694174975.622531872,1694174976.076414005,1694174976.196195925,1694174976.404321891,1694174976.524136254,1694174976.639925141,1694174976.848585894
