taffo_start,init_start,vra_start,dta_start,conversion_start,backend_start,taffo_end
1694174961.394005653,1694174961.844802734,1694174961.963177479,1694174962.166556478,1694174962.286341507,1694174962.403155317,1694174962.610954162
