taffo_start,init_start,vra_start,dta_start,conversion_start,backend_start,taffo_end
1694174966.142821855,1694174966.594911323,1694174966.713936167,1694174966.917420283,1694174967.035979238,1694174967.153045154,1694174967.375246179
