taffo_start,init_start,vra_start,dta_start,conversion_start,backend_start,taffo_end
1694174968.516305917,1694174968.976025161,1694174969.095244707,1694174969.300873214,1694174969.417351185,1694174969.534033937,1694174969.746417448
