taffo_start,init_start,vra_start,dta_start,conversion_start,backend_start,taffo_end
1694174963.758996322,1694174964.211128865,1694174964.332244855,1694174964.534945268,1694174964.651350202,1694174964.767695200,1694174964.977176535
