taffo_start,init_start,vra_start,dta_start,conversion_start,backend_start,taffo_end
1694174956.650904776,1694174957.103655204,1694174957.222688819,1694174957.443355531,1694174957.558779116,1694174957.674856883,1694174957.883136669
