taffo_start,init_start,vra_start,dta_start,conversion_start,backend_start,taffo_end
1694171640.541571958,1694171640.965473982,1694171641.048830589,1694171641.158188605,1694171641.233430582,1694171641.312361437,1694171641.432498552
