taffo_start,init_start,vra_start,dta_start,conversion_start,backend_start,taffo_end
1694171648.564285458,1694171648.996352776,1694171649.087239897,1694171649.224197656,1694171649.313526928,1694171649.410566801,1694171649.583431637
