taffo_start,init_start,vra_start,dta_start,conversion_start,backend_start,taffo_end
1694171650.648634725,1694171651.090969976,1694171651.183112855,1694171651.319684083,1694171651.408677153,1694171651.503892326,1694171651.676497386
