taffo_start,init_start,vra_start,dta_start,conversion_start,backend_start,taffo_end
1694171646.494095161,1694171646.930544449,1694171647.021566143,1694171647.158537340,1694171647.248231363,1694171647.345529723,1694171647.518332530
