taffo_start,init_start,vra_start,dta_start,conversion_start,backend_start,taffo_end
1694171644.410762152,1694171644.843709699,1694171644.936562274,1694171645.075568504,1694171645.166949217,1694171645.262800124,1694171645.434827600
