taffo_start,init_start,vra_start,dta_start,conversion_start,backend_start,taffo_end
1694171642.350093150,1694171642.780245033,1694171642.871657104,1694171643.009026202,1694171643.098185286,1694171643.193966571,1694171643.365299858
