taffo_start,init_start,vra_start,dta_start,conversion_start,backend_start,taffo_end
1694171656.891025260,1694171657.323587195,1694171657.414803415,1694171657.552103357,1694171657.641876527,1694171657.737836540,1694171657.912443591
