taffo_start,init_start,vra_start,dta_start,conversion_start,backend_start,taffo_end
1694171652.720804865,1694171653.153604896,1694171653.245680046,1694171653.384317495,1694171653.473623948,1694171653.569406756,1694171653.742460473
