taffo_start,init_start,vra_start,dta_start,conversion_start,backend_start,taffo_end
1694171654.797209608,1694171655.234398968,1694171655.327584220,1694171655.467099190,1694171655.562173407,1694171655.659123100,1694171655.834591472
