taffo_start,init_start,vra_start,dta_start,conversion_start,backend_start,taffo_end
1694171658.996387919,1694171659.428696927,1694171659.519964152,1694171659.657244498,1694171659.746702013,1694171659.844181176,1694171660.029436791
