taffo_start,init_start,vra_start,dta_start,conversion_start,backend_start,taffo_end
1694171661.094737411,1694171661.537124101,1694171661.628830147,1694171661.766483378,1694171661.855151434,1694171661.952534290,1694171662.133773680
