var_scaling_factor,var_name,var_min,var_max,var_isnan,var_isinf
512,alpha,1.500000,1.500000,0,0
512,beta,1.200000,1.200000,0,0
512,C,0.000000,460.799988,0,0
512,A,0.000000,480.000000,0,0
512,alpha,1.500000,1.500000,0,0
512,beta,1.200000,1.200000,0,0
512,C,0.000000,1691566.125000,0,0
512,A,0.000000,480.000000,0,0
