taffo_start,init_start,vra_start,dta_start,conversion_start,backend_start,taffo_end
1694174992.464878676,1694174992.921276735,1694174993.040473616,1694174993.244387272,1694174993.362958902,1694174993.484537898,1694174993.694605536
