taffo_start,init_start,vra_start,dta_start,conversion_start,backend_start,taffo_end
1694174985.282521373,1694174985.752518792,1694174985.871804170,1694174986.075252566,1694174986.191362201,1694174986.309130836,1694174986.518500972
