taffo_start,init_start,vra_start,dta_start,conversion_start,backend_start,taffo_end
1694174987.666237647,1694174988.124788364,1694174988.287700985,1694174988.506056518,1694174988.621564365,1694174988.739723086,1694174988.961068533
