taffo_start,init_start,vra_start,dta_start,conversion_start,backend_start,taffo_end
1694174997.195486801,1694174997.647962297,1694174997.770570565,1694174997.974223021,1694174998.090482771,1694174998.206743841,1694174998.415364729
