taffo_start,init_start,vra_start,dta_start,conversion_start,backend_start,taffo_end
1694174990.098888092,1694174990.555115519,1694174990.678945862,1694174990.882082914,1694174991.004786491,1694174991.120509898,1694174991.328718413
