taffo_start,init_start,vra_start,dta_start,conversion_start,backend_start,taffo_end
1694174982.922544865,1694174983.379646597,1694174983.498895002,1694174983.701366377,1694174983.817475244,1694174983.933444417,1694174984.141739203
