taffo_start,init_start,vra_start,dta_start,conversion_start,backend_start,taffo_end
1694175004.509949567,1694175004.961961422,1694175005.081382306,1694175005.287344435,1694175005.405116954,1694175005.521293474,1694175005.746430627
