taffo_start,init_start,vra_start,dta_start,conversion_start,backend_start,taffo_end
1694174994.830257029,1694174995.280761393,1694174995.398680341,1694174995.621446871,1694174995.736495214,1694174995.852711844,1694174996.061362905
