taffo_start,init_start,vra_start,dta_start,conversion_start,backend_start,taffo_end
1694174999.559238508,1694175000.019667002,1694175000.137564914,1694175000.340893507,1694175000.457906166,1694175000.586645317,1694175000.794629831
