taffo_start,init_start,vra_start,dta_start,conversion_start,backend_start,taffo_end
1694175001.933159917,1694175002.386906994,1694175002.505123660,1694175002.709352686,1694175002.824862202,1694175002.941075384,1694175003.150725264
