taffo_start,init_start,vra_start,dta_start,conversion_start,backend_start,taffo_end
1694174980.818684769,1694174981.256267651,1694174981.363469085,1694174981.531759292,1694174981.632164182,1694174981.731561401,1694174981.896975378
