var_scaling_factor,var_name,var_min,var_max,var_isnan,var_isinf
8,alpha,1.500000,1.500000,0,0
8,beta,1.200000,1.200000,0,0
8,A,0.000000,7.500000,0,0
8,B,0.000000,7.500000,0,0
8,tmp,0.000000,0.000000,0,0
8,x,0.000000,7.500000,0,0
8,y,0.000000,0.000000,0,0
8,alpha,1.500000,1.500000,0,0
8,beta,1.200000,1.200000,0,0
8,A,0.000000,7.500000,0,0
8,B,0.000000,7.500000,0,0
8,tmp,30.000000,282.000000,0,0
8,x,0.000000,7.500000,0,0
8,y,117.000000,724.800049,0,0
