var_scaling_factor,var_name,var_min,var_max,var_isnan,var_isinf
8,alpha,1.500000,1.500000,0,0
8,A,0.000000,8.000000,0,0
8,B,0.000000,7.500000,0,0
8,alpha,1.500000,1.500000,0,0
8,A,0.000000,8.000000,0,0
8,B,0.000000,337.500000,0,0
