var_scaling_factor,var_name,var_min,var_max,var_isnan,var_isinf
64,alpha,1.500000,1.500000,0,0
64,beta,1.200000,1.200000,0,0
64,A,0.000000,56.000000,0,0
64,B,0.000000,57.599998,0,0
64,C,0.000000,59.428570,0,0
64,D,0.000000,58.666668,0,0
64,tmp,0.000000,0.000000,0,0
64,alpha,1.500000,1.500000,0,0
64,beta,1.200000,1.200000,0,0
64,A,0.000000,56.000000,0,0
64,B,0.000000,57.599998,0,0
64,C,0.000000,59.428570,0,0
64,D,143945.156250,5028249.500000,0,0
64,tmp,0.000000,18892.798828,0,0
