var_scaling_factor,var_name,var_min,var_max,var_isnan,var_isinf
1,A,1.000000,8.172500,0,0
1,B,1.000000,8.172500,0,0
1,b,4.025000,4.500000,0,0
1,x,0.000000,0.000000,0,0
1,y,0.000000,0.000000,0,0
1,A,0.100000,1.000000,0,0
1,B,1.000000,8.172500,0,0
1,b,4.025000,4.500000,0,0
1,x,-0.037947,3.998521,0,0
1,y,0.025000,4.025000,0,0
