var_scaling_factor,var_name,var_min,var_max,var_isnan,var_isinf
1024,tsteps,10.000000,10.000000,0,0
1024,A,136.533340,1092.266724,0,0
1024,B,204.800003,1160.533325,0,0
1024,tsteps,10.000000,10.000000,0,0
1024,A,136.533340,1092.266724,0,0
1024,B,204.800003,1160.533325,0,0
