taffo_start,init_start,vra_start,dta_start,conversion_start,backend_start,taffo_end
1694173655.356421699,1694173655.810989130,1694173655.910563943,1694173656.123780505,1694173656.226645851,1694173656.333065940,1694173656.525136429
