taffo_start,init_start,vra_start,dta_start,conversion_start,backend_start,taffo_end
1694173657.614329745,1694173658.058417392,1694173658.159293879,1694173658.377676316,1694173658.475522600,1694173658.579931910,1694173658.773161480
