taffo_start,init_start,vra_start,dta_start,conversion_start,backend_start,taffo_end
1694173675.823628635,1694173676.264281669,1694173676.364816888,1694173676.577893680,1694173676.677727182,1694173676.782642507,1694173676.985503806
