taffo_start,init_start,vra_start,dta_start,conversion_start,backend_start,taffo_end
1694173662.128753073,1694173662.573054140,1694173662.672600167,1694173662.887388829,1694173662.995537450,1694173663.100538172,1694173663.302261762
