taffo_start,init_start,vra_start,dta_start,conversion_start,backend_start,taffo_end
1694173659.862455861,1694173660.310434730,1694173660.413094563,1694173660.636105321,1694173660.734778289,1694173660.840575687,1694173661.035015800
