taffo_start,init_start,vra_start,dta_start,conversion_start,backend_start,taffo_end
1694173653.387945087,1694173653.809742320,1694173653.895226047,1694173654.072548368,1694173654.156740006,1694173654.243707417,1694173654.385705427
