taffo_start,init_start,vra_start,dta_start,conversion_start,backend_start,taffo_end
1694173673.495913174,1694173673.953071196,1694173674.052241781,1694173674.268180154,1694173674.367659815,1694173674.472124901,1694173674.674119252
