taffo_start,init_start,vra_start,dta_start,conversion_start,backend_start,taffo_end
1694173664.407156925,1694173664.852104641,1694173664.951483604,1694173665.164181913,1694173665.264138569,1694173665.368729984,1694173665.573693061
