taffo_start,init_start,vra_start,dta_start,conversion_start,backend_start,taffo_end
1694173671.212878043,1694173671.651961481,1694173671.752505347,1694173671.968164484,1694173672.066810375,1694173672.172324621,1694173672.378626889
