taffo_start,init_start,vra_start,dta_start,conversion_start,backend_start,taffo_end
1694173666.672506279,1694173667.114552758,1694173667.216213879,1694173667.430340496,1694173667.528795807,1694173667.633937780,1694173667.827006945
