taffo_start,init_start,vra_start,dta_start,conversion_start,backend_start,taffo_end
1694173668.937861781,1694173669.382965064,1694173669.484679600,1694173669.699214970,1694173669.797577739,1694173669.908755490,1694173670.102619517
