var_scaling_factor,var_name,var_min,var_max,var_isnan,var_isinf
64,A,64.000000,523.039978,0,0
64,B,64.000000,523.039978,0,0
64,b,257.600006,288.000000,0,0
64,x,0.000000,0.000000,0,0
64,y,0.000000,0.000000,0,0
64,A,0.100000,64.000023,0,0
64,B,64.000000,523.039978,0,0
64,b,257.600006,288.000000,0,0
64,x,-0.037947,3.998521,0,0
64,y,1.600006,257.600006,0,0
