taffo_start,init_start,vra_start,dta_start,conversion_start,backend_start,taffo_end
1694174168.952183270,1694174169.389767813,1694174169.480366867,1694174169.624018721,1694174169.714163158,1694174169.808279830,1694174169.978209902
