taffo_start,init_start,vra_start,dta_start,conversion_start,backend_start,taffo_end
1694174187.840249273,1694174188.283721285,1694174188.374187090,1694174188.518344772,1694174188.607139539,1694174188.700581257,1694174188.876400584
