taffo_start,init_start,vra_start,dta_start,conversion_start,backend_start,taffo_end
1694174179.433328834,1694174179.875049612,1694174179.965769198,1694174180.109135428,1694174180.197716997,1694174180.296844987,1694174180.466571049
