taffo_start,init_start,vra_start,dta_start,conversion_start,backend_start,taffo_end
1694174185.740141932,1694174186.174455402,1694174186.263936068,1694174186.407568557,1694174186.497738393,1694174186.592870498,1694174186.772928336
