taffo_start,init_start,vra_start,dta_start,conversion_start,backend_start,taffo_end
1694174183.647975120,1694174184.079728300,1694174184.169402201,1694174184.317730558,1694174184.406369457,1694174184.499908969,1694174184.670580161
