taffo_start,init_start,vra_start,dta_start,conversion_start,backend_start,taffo_end
1694174171.040864243,1694174171.518538106,1694174171.607920978,1694174171.751235426,1694174171.849197928,1694174171.942301963,1694174172.114887184
