taffo_start,init_start,vra_start,dta_start,conversion_start,backend_start,taffo_end
1694174181.552396642,1694174181.989816587,1694174182.079983332,1694174182.224397446,1694174182.314408226,1694174182.407890284,1694174182.578334863
