taffo_start,init_start,vra_start,dta_start,conversion_start,backend_start,taffo_end
1694174177.344101877,1694174177.794313287,1694174177.883781531,1694174178.027895432,1694174178.117962569,1694174178.211936166,1694174178.381523122
