taffo_start,init_start,vra_start,dta_start,conversion_start,backend_start,taffo_end
1694174175.251248962,1694174175.698939528,1694174175.790007370,1694174175.934008992,1694174176.022966912,1694174176.115909500,1694174176.286390964
