taffo_start,init_start,vra_start,dta_start,conversion_start,backend_start,taffo_end
1694174173.174469875,1694174173.609068345,1694174173.698318023,1694174173.843043534,1694174173.932127575,1694174174.025546353,1694174174.194446917
