taffo_start,init_start,vra_start,dta_start,conversion_start,backend_start,taffo_end
1694174167.097876453,1694174167.522673266,1694174167.600096601,1694174167.719127719,1694174167.797781011,1694174167.876889100,1694174168.009699132
