var_scaling_factor,var_name,var_min,var_max,var_isnan,var_isinf
128,tsteps,10.000000,10.000000,0,0
128,A,17.066668,136.533340,0,0
128,B,25.600000,145.066666,0,0
128,tsteps,10.000000,10.000000,0,0
128,A,17.066668,136.533340,0,0
128,B,25.600000,145.066666,0,0
