taffo_start,init_start,vra_start,dta_start,conversion_start,backend_start,taffo_end
1694171391.233153643,1694171391.695598900,1694171391.829332504,1694171392.116582537,1694171392.245771005,1694171392.373298194,1694171392.603883743
