taffo_start,init_start,vra_start,dta_start,conversion_start,backend_start,taffo_end
1694171401.486458285,1694171401.961083196,1694171402.093724062,1694171402.382802095,1694171402.511110376,1694171402.639405107,1694171402.865636881
