taffo_start,init_start,vra_start,dta_start,conversion_start,backend_start,taffo_end
1694171396.334812198,1694171396.809226270,1694171396.941142715,1694171397.230939545,1694171397.360414250,1694171397.488283863,1694171397.712641735
