taffo_start,init_start,vra_start,dta_start,conversion_start,backend_start,taffo_end
1694171384.066596787,1694171384.512058453,1694171384.622950827,1694171384.844105586,1694171384.949133112,1694171385.052060968,1694171385.216600472
