taffo_start,init_start,vra_start,dta_start,conversion_start,backend_start,taffo_end
1694171404.041897189,1694171404.502173273,1694171404.632975150,1694171404.917376767,1694171405.046515230,1694171405.175711473,1694171405.409135680
