taffo_start,init_start,vra_start,dta_start,conversion_start,backend_start,taffo_end
1694171393.777150131,1694171394.240735164,1694171394.372559553,1694171394.657729797,1694171394.786361262,1694171394.914493498,1694171395.138683387
