taffo_start,init_start,vra_start,dta_start,conversion_start,backend_start,taffo_end
1694171409.191567973,1694171409.660955968,1694171409.797700361,1694171410.081797333,1694171410.212898490,1694171410.344470453,1694171410.586487712
