taffo_start,init_start,vra_start,dta_start,conversion_start,backend_start,taffo_end
1694171406.602985857,1694171407.081456791,1694171407.214407952,1694171407.498665016,1694171407.627646520,1694171407.762416637,1694171407.994907236
