taffo_start,init_start,vra_start,dta_start,conversion_start,backend_start,taffo_end
1694171386.263441204,1694171386.739683183,1694171386.872182090,1694171387.158232895,1694171387.287345845,1694171387.403687710,1694171387.605837765
