taffo_start,init_start,vra_start,dta_start,conversion_start,backend_start,taffo_end
1694171388.721775667,1694171389.185284103,1694171389.317897565,1694171389.603404253,1694171389.739372340,1694171389.862891775,1694171390.078354010
