taffo_start,init_start,vra_start,dta_start,conversion_start,backend_start,taffo_end
1694171398.892873144,1694171399.358057444,1694171399.521624644,1694171399.811598918,1694171399.940477408,1694171400.071668724,1694171400.298943858
