var_scaling_factor,var_name,var_min,var_max,var_isnan,var_isinf
512,tsteps,10.000000,10.000000,0,0
512,A,51.200001,10265.599609,0,0
512,tsteps,10.000000,10.000000,0,0
512,A,51.200001,10265.599609,0,0
