var_scaling_factor,var_name,var_min,var_max,var_isnan,var_isinf
8,A,0.000000,7.600000,0,0
8,x1,0.000000,7.600000,0,0
8,x2,0.000000,7.600000,0,0
8,y_1,0.000000,7.600000,0,0
8,y_2,0.000000,7.600000,0,0
8,A,0.000000,7.600000,0,0
8,x1,0.000000,320.399994,0,0
8,x2,0.400000,322.399994,0,0
8,y_1,0.000000,7.600000,0,0
8,y_2,0.000000,7.600000,0,0
