var_scaling_factor,var_name,var_min,var_max,var_isnan,var_isinf
512,A,512.000000,4184.319824,0,0
512,B,512.000000,4184.319824,0,0
512,b,2060.800049,2304.000000,0,0
512,x,0.000000,0.000000,0,0
512,y,0.000000,0.000000,0,0
512,A,0.100000,512.000183,0,0
512,B,512.000000,4184.319824,0,0
512,b,2060.800049,2304.000000,0,0
512,x,-0.037947,3.998521,0,0
512,y,12.800049,2060.800049,0,0
