var_scaling_factor,var_name,var_min,var_max,var_isnan,var_isinf
1,alpha,1.500000,1.500000,0,0
1,beta,1.200000,1.200000,0,0
1,A,0.000000,0.875000,0,0
1,B,0.000000,0.900000,0,0
1,C,0.000000,0.928571,0,0
1,D,0.000000,0.916667,0,0
1,tmp,0.000000,0.000000,0,0
1,alpha,1.500000,1.500000,0,0
1,beta,1.200000,1.200000,0,0
1,A,0.000000,0.875000,0,0
1,B,0.000000,0.900000,0,0
1,C,0.000000,0.928571,0,0
1,D,0.549107,19.181250,0,0
1,tmp,0.000000,4.612500,0,0
