taffo_start,init_start,vra_start,dta_start,conversion_start,backend_start,taffo_end
1694171313.030407542,1694171313.498282572,1694171313.636005295,1694171313.921730507,1694171314.052730513,1694171314.181869437,1694171314.407223093
