taffo_start,init_start,vra_start,dta_start,conversion_start,backend_start,taffo_end
1694171305.384000753,1694171305.857417674,1694171305.990467853,1694171306.275125833,1694171306.402591633,1694171306.525988481,1694171306.743980154
