taffo_start,init_start,vra_start,dta_start,conversion_start,backend_start,taffo_end
1694171300.737664704,1694171301.182906235,1694171301.294279040,1694171301.516011254,1694171301.620999292,1694171301.723733841,1694171301.888204107
