taffo_start,init_start,vra_start,dta_start,conversion_start,backend_start,taffo_end
1694171310.471982083,1694171310.939967653,1694171311.073977461,1694171311.359302124,1694171311.487395930,1694171311.616698448,1694171311.842551350
