taffo_start,init_start,vra_start,dta_start,conversion_start,backend_start,taffo_end
1694171315.604650189,1694171316.068438532,1694171316.201724292,1694171316.495694297,1694171316.639246908,1694171316.768687341,1694171316.993987767
