taffo_start,init_start,vra_start,dta_start,conversion_start,backend_start,taffo_end
1694171323.319672990,1694171323.791079312,1694171323.931851038,1694171324.225279525,1694171324.354951020,1694171324.484840878,1694171324.715674673
