taffo_start,init_start,vra_start,dta_start,conversion_start,backend_start,taffo_end
1694171320.747747801,1694171321.215813582,1694171321.349358115,1694171321.635502655,1694171321.764468562,1694171321.892681689,1694171322.118925272
