taffo_start,init_start,vra_start,dta_start,conversion_start,backend_start,taffo_end
1694171307.909093757,1694171308.374930625,1694171308.506683313,1694171308.799661001,1694171308.928464870,1694171309.055779931,1694171309.280784430
