taffo_start,init_start,vra_start,dta_start,conversion_start,backend_start,taffo_end
1694171325.926344350,1694171326.394237542,1694171326.526284949,1694171326.812818597,1694171326.941626844,1694171327.073461276,1694171327.305715547
