taffo_start,init_start,vra_start,dta_start,conversion_start,backend_start,taffo_end
1694171318.175495542,1694171318.638135810,1694171318.769848539,1694171319.058416167,1694171319.189348627,1694171319.318792001,1694171319.547251062
