taffo_start,init_start,vra_start,dta_start,conversion_start,backend_start,taffo_end
1694171302.922256391,1694171303.385416199,1694171303.526137705,1694171303.816121873,1694171303.943394960,1694171304.059568155,1694171304.260380576
