var_scaling_factor,var_name,var_min,var_max,var_isnan,var_isinf
128,tsteps,10.000000,10.000000,0,0
128,A,256.000000,3328.000000,0,0
128,B,256.000000,3328.000000,0,0
128,tsteps,10.000000,10.000000,0,0
128,A,256.000000,3328.000000,0,0
128,B,256.000000,3328.000000,0,0
