taffo_start,init_start,vra_start,dta_start,conversion_start,backend_start,taffo_end
1694172443.668419971,1694172444.104183766,1694172444.198106502,1694172444.339880918,1694172444.433260335,1694172444.531109845,1694172444.720704431
