taffo_start,init_start,vra_start,dta_start,conversion_start,backend_start,taffo_end
1694172445.797663066,1694172446.234751650,1694172446.328751061,1694172446.475160610,1694172446.567577112,1694172446.663432783,1694172446.852010156
