taffo_start,init_start,vra_start,dta_start,conversion_start,backend_start,taffo_end
1694172458.614499659,1694172459.051820999,1694172459.144676538,1694172459.287224295,1694172459.378716465,1694172459.476065130,1694172459.669211543
