taffo_start,init_start,vra_start,dta_start,conversion_start,backend_start,taffo_end
1694172462.887633626,1694172463.328008942,1694172463.421544699,1694172463.565391344,1694172463.659240489,1694172463.755257464,1694172463.946299040
