taffo_start,init_start,vra_start,dta_start,conversion_start,backend_start,taffo_end
1694172456.478494230,1694172456.920106599,1694172457.014746932,1694172457.160178552,1694172457.252438763,1694172457.348369042,1694172457.539596576
