taffo_start,init_start,vra_start,dta_start,conversion_start,backend_start,taffo_end
1694172441.784689669,1694172442.211091485,1694172442.289737523,1694172442.403423145,1694172442.482318233,1694172442.560566755,1694172442.703085381
