taffo_start,init_start,vra_start,dta_start,conversion_start,backend_start,taffo_end
1694172450.059641199,1694172450.505706265,1694172450.600238810,1694172450.743146116,1694172450.835531278,1694172450.932289182,1694172451.121613728
