taffo_start,init_start,vra_start,dta_start,conversion_start,backend_start,taffo_end
1694172454.331844177,1694172454.773482101,1694172454.866469562,1694172455.009698561,1694172455.102452359,1694172455.197758994,1694172455.389666006
