taffo_start,init_start,vra_start,dta_start,conversion_start,backend_start,taffo_end
1694172447.922388605,1694172448.360934992,1694172448.458298829,1694172448.605601976,1694172448.698183717,1694172448.794011680,1694172448.982020125
