taffo_start,init_start,vra_start,dta_start,conversion_start,backend_start,taffo_end
1694172460.757446477,1694172461.193712714,1694172461.287532463,1694172461.429322852,1694172461.522909715,1694172461.618759668,1694172461.809218156
