taffo_start,init_start,vra_start,dta_start,conversion_start,backend_start,taffo_end
1694172452.201692543,1694172452.642095698,1694172452.738081430,1694172452.882655540,1694172452.979985370,1694172453.075621514,1694172453.263739282
