var_scaling_factor,var_name,var_min,var_max,var_isnan,var_isinf
1024,alpha,1.500000,1.500000,0,0
1024,A,0.000000,1024.000000,0,0
1024,B,0.000000,960.000000,0,0
1024,alpha,1.500000,1.500000,0,0
1024,A,0.000000,1024.000000,0,0
1024,B,0.000000,5456448.000000,0,0
