taffo_start,init_start,vra_start,dta_start,conversion_start,backend_start,taffo_end
1694174755.635087531,1694174756.073279635,1694174756.169002112,1694174756.326904974,1694174756.420139117,1694174756.514342920,1694174756.686339105
