taffo_start,init_start,vra_start,dta_start,conversion_start,backend_start,taffo_end
1694174741.011675960,1694174741.450181332,1694174741.548875048,1694174741.706528511,1694174741.800277676,1694174741.897764941,1694174742.065636394
