taffo_start,init_start,vra_start,dta_start,conversion_start,backend_start,taffo_end
1694174743.105544938,1694174743.544881121,1694174743.640621869,1694174743.797911695,1694174743.891121903,1694174743.991346320,1694174744.157032046
