taffo_start,init_start,vra_start,dta_start,conversion_start,backend_start,taffo_end
1694174753.549117073,1694174753.988477123,1694174754.083924278,1694174754.240789145,1694174754.333878042,1694174754.427737777,1694174754.594058363
