taffo_start,init_start,vra_start,dta_start,conversion_start,backend_start,taffo_end
1694174747.279848666,1694174747.727378197,1694174747.822822556,1694174747.981623307,1694174748.075718336,1694174748.169529345,1694174748.335858370
