taffo_start,init_start,vra_start,dta_start,conversion_start,backend_start,taffo_end
1694174738.913570916,1694174739.351813595,1694174739.447171230,1694174739.610246269,1694174739.703813185,1694174739.799024757,1694174739.965309428
