taffo_start,init_start,vra_start,dta_start,conversion_start,backend_start,taffo_end
1694174751.455524156,1694174751.906181542,1694174752.001943113,1694174752.159825253,1694174752.254447262,1694174752.348812638,1694174752.514911750
