taffo_start,init_start,vra_start,dta_start,conversion_start,backend_start,taffo_end
1694174749.359249387,1694174749.803164290,1694174749.899938896,1694174750.059587942,1694174750.153491460,1694174750.248294262,1694174750.414924697
