taffo_start,init_start,vra_start,dta_start,conversion_start,backend_start,taffo_end
1694174757.723846060,1694174758.162982293,1694174758.259098370,1694174758.417275439,1694174758.510722892,1694174758.605652921,1694174758.777304936
