taffo_start,init_start,vra_start,dta_start,conversion_start,backend_start,taffo_end
1694174737.004731145,1694174737.429370674,1694174737.519683551,1694174737.661495069,1694174737.748523547,1694174737.833356613,1694174737.968514127
