taffo_start,init_start,vra_start,dta_start,conversion_start,backend_start,taffo_end
1694174745.183710453,1694174745.637386571,1694174745.732289755,1694174745.889874006,1694174745.983953419,1694174746.081419979,1694174746.249341503
