taffo_start,init_start,vra_start,dta_start,conversion_start,backend_start,taffo_end
1694173707.121730717,1694173707.559816593,1694173707.658490158,1694173707.872586152,1694173707.971545783,1694173708.076328120,1694173708.268053249
