taffo_start,init_start,vra_start,dta_start,conversion_start,backend_start,taffo_end
1694173716.100841439,1694173716.539257823,1694173716.644127673,1694173716.858074780,1694173716.956765406,1694173717.060900760,1694173717.253492982
