taffo_start,init_start,vra_start,dta_start,conversion_start,backend_start,taffo_end
1694173722.851828869,1694173723.291276457,1694173723.390751934,1694173723.607168294,1694173723.706130915,1694173723.811747716,1694173724.021976631
