taffo_start,init_start,vra_start,dta_start,conversion_start,backend_start,taffo_end
1694173702.910772482,1694173703.334630275,1694173703.423513993,1694173703.600265247,1694173703.684225825,1694173703.769492746,1694173703.910502539
