taffo_start,init_start,vra_start,dta_start,conversion_start,backend_start,taffo_end
1694173725.152875813,1694173725.601549887,1694173725.700862706,1694173725.915809429,1694173726.015426344,1694173726.119924493,1694173726.323542546
