taffo_start,init_start,vra_start,dta_start,conversion_start,backend_start,taffo_end
1694173720.590505690,1694173721.030724864,1694173721.130305761,1694173721.343291625,1694173721.441200423,1694173721.545897747,1694173721.746328344
