taffo_start,init_start,vra_start,dta_start,conversion_start,backend_start,taffo_end
1694173711.608371751,1694173712.049857974,1694173712.150005252,1694173712.364347938,1694173712.462459011,1694173712.568302706,1694173712.760925269
