taffo_start,init_start,vra_start,dta_start,conversion_start,backend_start,taffo_end
1694173713.845396811,1694173714.285146087,1694173714.384177986,1694173714.604117501,1694173714.709641419,1694173714.814293674,1694173715.006329046
