taffo_start,init_start,vra_start,dta_start,conversion_start,backend_start,taffo_end
1694173709.358982310,1694173709.805011861,1694173709.903914464,1694173710.117316666,1694173710.215272500,1694173710.320150586,1694173710.512197029
