taffo_start,init_start,vra_start,dta_start,conversion_start,backend_start,taffo_end
1694173718.339540120,1694173718.787721567,1694173718.886999292,1694173719.099693915,1694173719.197771963,1694173719.303554501,1694173719.495979453
