taffo_start,init_start,vra_start,dta_start,conversion_start,backend_start,taffo_end
1694173704.878688485,1694173705.318264251,1694173705.417651569,1694173705.638989119,1694173705.737086828,1694173705.841710326,1694173706.033307533
