taffo_start,init_start,vra_start,dta_start,conversion_start,backend_start,taffo_end
1694171679.461123309,1694171679.895463916,1694171679.986855452,1694171680.123859608,1694171680.214000372,1694171680.310461538,1694171680.497640736
