taffo_start,init_start,vra_start,dta_start,conversion_start,backend_start,taffo_end
1694171664.985728863,1694171665.422033184,1694171665.523731216,1694171665.660480896,1694171665.749248735,1694171665.844139643,1694171666.015641974
