taffo_start,init_start,vra_start,dta_start,conversion_start,backend_start,taffo_end
1694171677.400939980,1694171677.830704644,1694171677.922181565,1694171678.059016825,1694171678.148326083,1694171678.246247563,1694171678.420984469
