taffo_start,init_start,vra_start,dta_start,conversion_start,backend_start,taffo_end
1694171667.057045267,1694171667.490618825,1694171667.582155702,1694171667.719085349,1694171667.808754096,1694171667.904689478,1694171668.076774451
