taffo_start,init_start,vra_start,dta_start,conversion_start,backend_start,taffo_end
1694171675.314103738,1694171675.762439977,1694171675.853687910,1694171675.992928906,1694171676.081876051,1694171676.178322225,1694171676.356939023
