taffo_start,init_start,vra_start,dta_start,conversion_start,backend_start,taffo_end
1694171671.187149514,1694171671.622966883,1694171671.714188650,1694171671.850524992,1694171671.940374002,1694171672.037844427,1694171672.216369581
