taffo_start,init_start,vra_start,dta_start,conversion_start,backend_start,taffo_end
1694171673.251003353,1694171673.684563518,1694171673.778002700,1694171673.914694606,1694171674.004462578,1694171674.100156188,1694171674.277674820
