taffo_start,init_start,vra_start,dta_start,conversion_start,backend_start,taffo_end
1694171663.194339572,1694171663.615172306,1694171663.692911080,1694171663.801978917,1694171663.876465561,1694171663.952233826,1694171664.076326000
