taffo_start,init_start,vra_start,dta_start,conversion_start,backend_start,taffo_end
1694171681.585072848,1694171682.014621292,1694171682.105578484,1694171682.245763181,1694171682.334973492,1694171682.432689578,1694171682.609500466
