taffo_start,init_start,vra_start,dta_start,conversion_start,backend_start,taffo_end
1694171669.112862682,1694171669.547013760,1694171669.638823292,1694171669.776202770,1694171669.865881365,1694171669.960744561,1694171670.133957379
