taffo_start,init_start,vra_start,dta_start,conversion_start,backend_start,taffo_end
1694171683.651594664,1694171684.082473793,1694171684.175063257,1694171684.318208423,1694171684.407640999,1694171684.505040478,1694171684.683267027
