var_scaling_factor,var_name,var_min,var_max,var_isnan,var_isinf
128,alpha,1.500000,1.500000,0,0
128,beta,1.200000,1.200000,0,0
128,C,0.000000,307.200012,0,0
128,A,-127872.000000,230.399994,0,0
128,B,12.800000,320.000000,0,0
128,alpha,1.500000,1.500000,0,0
128,beta,1.200000,1.200000,0,0
128,C,81331.203125,700554.250000,0,0
128,A,-127872.000000,230.399994,0,0
128,B,12.800000,320.000000,0,0
