var_scaling_factor,var_name,var_min,var_max,var_isnan,var_isinf
2,tsteps,10.000000,10.000000,0,0
2,A,0.266667,2.133333,0,0
2,B,0.400000,2.266667,0,0
2,tsteps,10.000000,10.000000,0,0
2,A,0.266667,2.133333,0,0
2,B,0.400000,2.266667,0,0
