var_scaling_factor,var_name,var_min,var_max,var_isnan,var_isinf
2,alpha,1.500000,1.500000,0,0
2,beta,1.200000,1.200000,0,0
2,A,0.000000,1.875000,0,0
2,B,0.000000,1.875000,0,0
2,tmp,0.000000,0.000000,0,0
2,x,0.000000,1.875000,0,0
2,y,0.000000,0.000000,0,0
2,alpha,1.500000,1.500000,0,0
2,beta,1.200000,1.200000,0,0
2,A,0.000000,1.875000,0,0
2,B,0.000000,1.875000,0,0
2,tmp,1.875000,17.625000,0,0
2,x,0.000000,1.875000,0,0
2,y,7.312500,45.300003,0,0
