var_scaling_factor,var_name,var_min,var_max,var_isnan,var_isinf
256,A,0.000000,244.363632,0,0
256,s,0.000000,0.000000,0,0
256,q,0.000000,0.000000,0,0
256,p,0.000000,243.199997,0,0
256,r,0.000000,244.363632,0,0
256,A,0.000000,244.363632,0,0
256,s,180224.000000,448325.843750,0,0
256,q,0.000000,396194.906250,0,0
256,p,0.000000,243.199997,0,0
256,r,0.000000,244.363632,0,0
