var_scaling_factor,var_name,var_min,var_max,var_isnan,var_isinf
32,E,0.000000,0.000000,0,0
32,A,0.000000,5.333333,0,0
32,B,0.000000,5.600000,0,0
32,F,0.000000,0.000000,0,0
32,C,0.000000,5.866667,0,0
32,D,0.000000,5.760000,0,0
32,G,0.000000,0.000000,0,0
32,E,17.066668,110.933342,0,0
32,A,0.000000,5.333333,0,0
32,B,0.000000,5.600000,0,0
32,F,0.000000,131.072006,0,0
32,C,0.000000,5.866667,0,0
32,D,0.000000,5.760000,0,0
32,G,8218.506836,56920.203125,0,0
