taffo_start,init_start,vra_start,dta_start,conversion_start,backend_start,taffo_end
1721160346.843187072,1721160347.263113136,1721160347.342964356,1721160347.553457382,1721160347.633577159,1721160347.717190411,1721160347.867224111
