taffo_start,init_start,vra_start,dta_start,conversion_start,backend_start,taffo_end
1721160342.619239389,1721160343.041312885,1721160343.121551752,1721160343.334164753,1721160343.417671936,1721160343.515693018,1721160343.680391989
