taffo_start,init_start,vra_start,dta_start,conversion_start,backend_start,taffo_end
1721160327.522834800,1721160327.928100675,1721160327.999741214,1721160328.188943600,1721160328.260044388,1721160328.331731126,1721160328.455543477
