taffo_start,init_start,vra_start,dta_start,conversion_start,backend_start,taffo_end
1721160337.826773819,1721160338.247382803,1721160338.327629159,1721160338.548941557,1721160338.637220881,1721160338.734817113,1721160338.885161268
