taffo_start,init_start,vra_start,dta_start,conversion_start,backend_start,taffo_end
1721160329.447456574,1721160329.866538065,1721160329.947073729,1721160330.155599629,1721160330.235133969,1721160330.316860344,1721160330.466066064
