taffo_start,init_start,vra_start,dta_start,conversion_start,backend_start,taffo_end
1721160348.917516761,1721160349.338571770,1721160349.419438493,1721160349.628759510,1721160349.719427088,1721160349.801960283,1721160349.951170888
