taffo_start,init_start,vra_start,dta_start,conversion_start,backend_start,taffo_end
1721160339.948240840,1721160340.369215086,1721160340.449506876,1721160340.660822953,1721160340.740346383,1721160340.829854372,1721160341.082242004
