taffo_start,init_start,vra_start,dta_start,conversion_start,backend_start,taffo_end
1721160335.748056521,1721160336.170220558,1721160336.250895221,1721160336.459264431,1721160336.538527563,1721160336.620721501,1721160336.770032723
