taffo_start,init_start,vra_start,dta_start,conversion_start,backend_start,taffo_end
1721160344.745288151,1721160345.163251285,1721160345.243375932,1721160345.453070490,1721160345.532774295,1721160345.622576749,1721160345.789417691
