taffo_start,init_start,vra_start,dta_start,conversion_start,backend_start,taffo_end
1721160331.522003892,1721160331.941317815,1721160332.021594215,1721160332.230679865,1721160332.309856755,1721160332.392017328,1721160332.543285907
