taffo_start,init_start,vra_start,dta_start,conversion_start,backend_start,taffo_end
1721160333.602954359,1721160334.023199067,1721160334.104023922,1721160334.354218109,1721160334.447683030,1721160334.530053115,1721160334.679781920
