var_scaling_factor,var_name,var_min,var_max,var_isnan,var_isinf
8,alpha,1.500000,1.500000,0,0
8,beta,1.200000,1.200000,0,0
8,C,0.000000,7.200000,0,0
8,A,0.000000,7.500000,0,0
8,B,0.000000,7.333333,0,0
8,alpha,1.500000,1.500000,0,0
8,beta,1.200000,1.200000,0,0
8,C,0.960000,407.679993,0,0
8,A,0.000000,7.500000,0,0
8,B,0.000000,7.333333,0,0
