var_scaling_factor,var_name,var_min,var_max,var_isnan,var_isinf
16,tsteps,10.000000,10.000000,0,0
16,A,32.000000,416.000000,0,0
16,B,32.000000,416.000000,0,0
16,tsteps,10.000000,10.000000,0,0
16,A,32.000000,416.000000,0,0
16,B,32.000000,416.000000,0,0
