var_scaling_factor,var_name,var_min,var_max,var_isnan,var_isinf
512,tsteps,10.000000,10.000000,0,0
512,A,1024.000000,13312.000000,0,0
512,B,1024.000000,13312.000000,0,0
512,tsteps,10.000000,10.000000,0,0
512,A,1024.000000,13312.000000,0,0
512,B,1024.000000,13312.000000,0,0
