var_scaling_factor,var_name,var_min,var_max,var_isnan,var_isinf
256,E,0.000000,0.000000,0,0
256,A,0.000000,42.666668,0,0
256,B,0.000000,44.799999,0,0
256,F,0.000000,0.000000,0,0
256,C,0.000000,46.933334,0,0
256,D,0.000000,46.080002,0,0
256,G,0.000000,0.000000,0,0
256,E,1092.266724,7099.733887,0,0
256,A,0.000000,42.666668,0,0
256,B,0.000000,44.799999,0,0
256,F,0.000000,8388.608398,0,0
256,C,0.000000,46.933334,0,0
256,D,0.000000,46.080002,0,0
256,G,33663004.000000,233145152.000000,0,0
