taffo_start,init_start,vra_start,dta_start,conversion_start,backend_start,taffo_end
1694173914.243958565,1694173914.682361308,1694173914.778364811,1694173915.022363954,1694173915.118683639,1694173915.219706595,1694173915.402172200
