taffo_start,init_start,vra_start,dta_start,conversion_start,backend_start,taffo_end
1694173916.495797327,1694173916.933995493,1694173917.030262507,1694173917.271531322,1694173917.367787126,1694173917.468565155,1694173917.653823118
