taffo_start,init_start,vra_start,dta_start,conversion_start,backend_start,taffo_end
1694173905.206067797,1694173905.658783329,1694173905.754733340,1694173905.997602282,1694173906.098823293,1694173906.198279575,1694173906.379855819
