taffo_start,init_start,vra_start,dta_start,conversion_start,backend_start,taffo_end
1694173918.770900297,1694173919.208582727,1694173919.305901829,1694173919.548765061,1694173919.644380615,1694173919.744206644,1694173919.926551246
