taffo_start,init_start,vra_start,dta_start,conversion_start,backend_start,taffo_end
1694173923.303988662,1694173923.744403720,1694173923.839831731,1694173924.082048709,1694173924.177374410,1694173924.282426512,1694173924.465680310
