taffo_start,init_start,vra_start,dta_start,conversion_start,backend_start,taffo_end
1694173909.730729041,1694173910.171059301,1694173910.275530446,1694173910.517015791,1694173910.620582638,1694173910.719957646,1694173910.902224537
