taffo_start,init_start,vra_start,dta_start,conversion_start,backend_start,taffo_end
1694173911.985771841,1694173912.434605513,1694173912.531484435,1694173912.772520934,1694173912.868126900,1694173912.966854477,1694173913.155676661
