taffo_start,init_start,vra_start,dta_start,conversion_start,backend_start,taffo_end
1694173902.966224982,1694173903.402479661,1694173903.499653351,1694173903.741697341,1694173903.836756448,1694173903.935919629,1694173904.125052442
