taffo_start,init_start,vra_start,dta_start,conversion_start,backend_start,taffo_end
1694173921.041274711,1694173921.482505831,1694173921.579419475,1694173921.822491611,1694173921.917773377,1694173922.017868587,1694173922.205787679
