taffo_start,init_start,vra_start,dta_start,conversion_start,backend_start,taffo_end
1694173907.489774717,1694173907.927840295,1694173908.024955501,1694173908.268499516,1694173908.364827674,1694173908.464068173,1694173908.645773480
