taffo_start,init_start,vra_start,dta_start,conversion_start,backend_start,taffo_end
1694173900.977755975,1694173901.400681606,1694173901.483630960,1694173901.684210442,1694173901.765650185,1694173901.848524467,1694173901.989739932
