var_scaling_factor,var_name,var_min,var_max,var_isnan,var_isinf
8,tsteps,10.000000,10.000000,0,0
8,A,1.066667,120.533333,0,0
8,B,1.600000,128.533340,0,0
8,tsteps,10.000000,10.000000,0,0
8,A,1.066667,120.533333,0,0
8,B,1.600000,128.533340,0,0
