var_scaling_factor,var_name,var_min,var_max,var_isnan,var_isinf
2,tsteps,10.000000,10.000000,0,0
2,A,0.200000,40.099998,0,0
2,tsteps,10.000000,10.000000,0,0
2,A,0.200000,40.099998,0,0
