var_scaling_factor,var_name,var_min,var_max,var_isnan,var_isinf
256,alpha,1.500000,1.500000,0,0
256,beta,1.200000,1.200000,0,0
256,C,0.000000,614.400024,0,0
256,A,-255744.000000,460.799988,0,0
256,B,25.600000,640.000000,0,0
256,alpha,1.500000,1.500000,0,0
256,beta,1.200000,1.200000,0,0
256,C,324864.000000,2801940.500000,0,0
256,A,-255744.000000,460.799988,0,0
256,B,25.600000,640.000000,0,0
