var_scaling_factor,var_name,var_min,var_max,var_isnan,var_isinf
1,E,0.000000,0.000000,0,0
1,A,0.000000,0.166667,0,0
1,B,0.000000,0.175000,0,0
1,F,0.000000,0.000000,0,0
1,C,0.000000,0.183333,0,0
1,D,0.000000,0.180000,0,0
1,G,0.000000,0.000000,0,0
1,E,0.016667,0.108333,0,0
1,A,0.000000,0.166667,0,0
1,B,0.000000,0.175000,0,0
1,F,0.000000,0.128000,0,0
1,C,0.000000,0.183333,0,0
1,D,0.000000,0.180000,0,0
1,G,0.007838,0.054283,0,0
