var_scaling_factor,var_name,var_min,var_max,var_isnan,var_isinf
2,E,0.000000,0.000000,0,0
2,A,0.000000,0.333333,0,0
2,B,0.000000,0.350000,0,0
2,F,0.000000,0.000000,0,0
2,C,0.000000,0.366667,0,0
2,D,0.000000,0.360000,0,0
2,G,0.000000,0.000000,0,0
2,E,0.066667,0.433333,0,0
2,A,0.000000,0.333333,0,0
2,B,0.000000,0.350000,0,0
2,F,0.000000,0.512000,0,0
2,C,0.000000,0.366667,0,0
2,D,0.000000,0.360000,0,0
2,G,0.125404,0.868533,0,0
