var_scaling_factor,var_name,var_min,var_max,var_isnan,var_isinf
64,tsteps,10.000000,10.000000,0,0
64,A,8.533334,68.266670,0,0
64,B,12.800000,72.533333,0,0
64,tsteps,10.000000,10.000000,0,0
64,A,8.533334,68.266670,0,0
64,B,12.800000,72.533333,0,0
