taffo_start,init_start,vra_start,dta_start,conversion_start,backend_start,taffo_end
1694171619.700028652,1694171620.159679890,1694171620.252073563,1694171620.390603405,1694171620.490274752,1694171620.585764928,1694171620.756860418
