taffo_start,init_start,vra_start,dta_start,conversion_start,backend_start,taffo_end
1694171636.349797495,1694171636.780338261,1694171636.871517943,1694171637.008555813,1694171637.097215175,1694171637.195797447,1694171637.372425892
