taffo_start,init_start,vra_start,dta_start,conversion_start,backend_start,taffo_end
1694171634.252457537,1694171634.682266784,1694171634.774138533,1694171634.916046176,1694171635.012475888,1694171635.108170635,1694171635.283641346
