taffo_start,init_start,vra_start,dta_start,conversion_start,backend_start,taffo_end
1694171630.091856611,1694171630.530634499,1694171630.622311431,1694171630.758461580,1694171630.847277922,1694171630.952068134,1694171631.127083397
