taffo_start,init_start,vra_start,dta_start,conversion_start,backend_start,taffo_end
1694171621.807960220,1694171622.239617210,1694171622.331886884,1694171622.468899071,1694171622.559037343,1694171622.654277924,1694171622.828103757
