taffo_start,init_start,vra_start,dta_start,conversion_start,backend_start,taffo_end
1694171617.900421103,1694171618.315632691,1694171618.393919201,1694171618.504037444,1694171618.578953314,1694171618.654662827,1694171618.775407404
