taffo_start,init_start,vra_start,dta_start,conversion_start,backend_start,taffo_end
1694171623.872755971,1694171624.306045369,1694171624.397575283,1694171624.534644101,1694171624.624219333,1694171624.722411070,1694171624.896165648
