taffo_start,init_start,vra_start,dta_start,conversion_start,backend_start,taffo_end
1694171632.174115774,1694171632.606892163,1694171632.698089575,1694171632.835143600,1694171632.925606631,1694171633.021423223,1694171633.196108317
