taffo_start,init_start,vra_start,dta_start,conversion_start,backend_start,taffo_end
1694171625.953049437,1694171626.383536479,1694171626.474658631,1694171626.611599379,1694171626.700865811,1694171626.796919803,1694171626.969829032
