taffo_start,init_start,vra_start,dta_start,conversion_start,backend_start,taffo_end
1694171628.014585305,1694171628.445652330,1694171628.537186775,1694171628.676092237,1694171628.769926706,1694171628.865434723,1694171629.037593251
