taffo_start,init_start,vra_start,dta_start,conversion_start,backend_start,taffo_end
1694171638.433046628,1694171638.863593389,1694171638.956134733,1694171639.092631076,1694171639.183579839,1694171639.282503670,1694171639.460052762
