taffo_start,init_start,vra_start,dta_start,conversion_start,backend_start,taffo_end
1694174200.100238667,1694174200.540354288,1694174200.637904671,1694174200.781615706,1694174200.874759306,1694174200.969594952,1694174201.138996477
