taffo_start,init_start,vra_start,dta_start,conversion_start,backend_start,taffo_end
1694174191.784797479,1694174192.218974263,1694174192.308054566,1694174192.451557567,1694174192.544848480,1694174192.639170802,1694174192.816387125
