taffo_start,init_start,vra_start,dta_start,conversion_start,backend_start,taffo_end
1694174198.020293518,1694174198.451948191,1694174198.541897564,1694174198.686089110,1694174198.775246379,1694174198.875651060,1694174199.046020894
