taffo_start,init_start,vra_start,dta_start,conversion_start,backend_start,taffo_end
1694174193.871167161,1694174194.303619804,1694174194.393335109,1694174194.536687088,1694174194.625807691,1694174194.719233992,1694174194.893376072
