taffo_start,init_start,vra_start,dta_start,conversion_start,backend_start,taffo_end
1694174204.299726871,1694174204.734668409,1694174204.824963169,1694174204.973033759,1694174205.063112503,1694174205.157878793,1694174205.329043534
