taffo_start,init_start,vra_start,dta_start,conversion_start,backend_start,taffo_end
1694174202.185305162,1694174202.620565885,1694174202.710881588,1694174202.856904413,1694174202.953585938,1694174203.052329768,1694174203.223488684
