taffo_start,init_start,vra_start,dta_start,conversion_start,backend_start,taffo_end
1694174189.935918774,1694174190.355823494,1694174190.433591695,1694174190.562111235,1694174190.639201739,1694174190.718605011,1694174190.847052451
