taffo_start,init_start,vra_start,dta_start,conversion_start,backend_start,taffo_end
1694174206.391742168,1694174206.823514627,1694174206.914786219,1694174207.062081069,1694174207.151116597,1694174207.246022168,1694174207.417744427
