taffo_start,init_start,vra_start,dta_start,conversion_start,backend_start,taffo_end
1694174208.467307441,1694174208.899407316,1694174208.993349302,1694174209.140800321,1694174209.230006720,1694174209.328278901,1694174209.501580589
