taffo_start,init_start,vra_start,dta_start,conversion_start,backend_start,taffo_end
1694174195.937999735,1694174196.374658116,1694174196.464049134,1694174196.608421595,1694174196.697422146,1694174196.792755832,1694174196.966257062
