taffo_start,init_start,vra_start,dta_start,conversion_start,backend_start,taffo_end
1694174210.567145131,1694174211.004282980,1694174211.115659927,1694174211.287604372,1694174211.376877024,1694174211.470385441,1694174211.643336094
