taffo_start,init_start,vra_start,dta_start,conversion_start,backend_start,taffo_end
1694171052.652977068,1694171053.108350168,1694171053.226661820,1694171053.485479675,1694171053.598956204,1694171053.713725399,1694171053.924331798
