taffo_start,init_start,vra_start,dta_start,conversion_start,backend_start,taffo_end
1694171045.328186187,1694171045.792723222,1694171045.911283366,1694171046.171590236,1694171046.289548003,1694171046.404889766,1694171046.615246142
