taffo_start,init_start,vra_start,dta_start,conversion_start,backend_start,taffo_end
1694171033.465068943,1694171033.900535432,1694171034.001800648,1694171034.211085119,1694171034.306436875,1694171034.399899409,1694171034.554253885
