taffo_start,init_start,vra_start,dta_start,conversion_start,backend_start,taffo_end
1694171047.779673839,1694171048.234763538,1694171048.362179185,1694171048.622929283,1694171048.736790242,1694171048.854741734,1694171049.064393983
