taffo_start,init_start,vra_start,dta_start,conversion_start,backend_start,taffo_end
1694171038.001225077,1694171038.468264145,1694171038.585245944,1694171038.839742116,1694171038.954688765,1694171039.071598616,1694171039.287218879
