taffo_start,init_start,vra_start,dta_start,conversion_start,backend_start,taffo_end
1694171057.550050190,1694171058.002359558,1694171058.121067636,1694171058.377978366,1694171058.498234972,1694171058.616840412,1694171058.834057330
