taffo_start,init_start,vra_start,dta_start,conversion_start,backend_start,taffo_end
1694171042.896011309,1694171043.359894852,1694171043.477477095,1694171043.730355886,1694171043.850890780,1694171043.973910189,1694171044.183046988
