taffo_start,init_start,vra_start,dta_start,conversion_start,backend_start,taffo_end
1694171035.575902659,1694171036.027926397,1694171036.146535228,1694171036.417498969,1694171036.532231915,1694171036.647945973,1694171036.856871342
