taffo_start,init_start,vra_start,dta_start,conversion_start,backend_start,taffo_end
1694171055.077981746,1694171055.539670872,1694171055.658411493,1694171055.911403155,1694171056.025815766,1694171056.144595992,1694171056.367217657
