taffo_start,init_start,vra_start,dta_start,conversion_start,backend_start,taffo_end
1694171050.204774440,1694171050.677112935,1694171050.794420136,1694171051.056591497,1694171051.171577816,1694171051.287056917,1694171051.496594217
