taffo_start,init_start,vra_start,dta_start,conversion_start,backend_start,taffo_end
1694171040.432399927,1694171040.892591239,1694171041.016171753,1694171041.271927480,1694171041.390095749,1694171041.508965097,1694171041.723490124
