taffo_start,init_start,vra_start,dta_start,conversion_start,backend_start,taffo_end
1721160309.359230353,1721160309.780342570,1721160309.860862123,1721160310.074399843,1721160310.156304056,1721160310.237715407,1721160310.388333932
