taffo_start,init_start,vra_start,dta_start,conversion_start,backend_start,taffo_end
1721160316.304730736,1721160316.723679221,1721160316.803574964,1721160317.012990499,1721160317.092132452,1721160317.173846312,1721160317.323621394
