taffo_start,init_start,vra_start,dta_start,conversion_start,backend_start,taffo_end
1721160322.530621290,1721160322.951043203,1721160323.030856007,1721160323.239443491,1721160323.318719124,1721160323.407789365,1721160323.557261174
