taffo_start,init_start,vra_start,dta_start,conversion_start,backend_start,taffo_end
1721160318.381096066,1721160318.800786502,1721160318.881142383,1721160319.090109723,1721160319.170032351,1721160319.251562410,1721160319.405974911
