taffo_start,init_start,vra_start,dta_start,conversion_start,backend_start,taffo_end
1721160305.204734027,1721160305.641367460,1721160305.721395879,1721160305.931332159,1721160306.010141938,1721160306.092006408,1721160306.241963533
