taffo_start,init_start,vra_start,dta_start,conversion_start,backend_start,taffo_end
1721160324.602127212,1721160325.020737511,1721160325.100793798,1721160325.310740003,1721160325.395024935,1721160325.490559722,1721160325.640843787
