taffo_start,init_start,vra_start,dta_start,conversion_start,backend_start,taffo_end
1721160303.299628390,1721160303.705250130,1721160303.777603440,1721160303.966168593,1721160304.037468090,1721160304.109970030,1721160304.232741207
