taffo_start,init_start,vra_start,dta_start,conversion_start,backend_start,taffo_end
1721160312.057340298,1721160312.502439882,1721160312.582929767,1721160312.802100989,1721160312.909047698,1721160312.992949438,1721160313.143066958
