taffo_start,init_start,vra_start,dta_start,conversion_start,backend_start,taffo_end
1721160314.201840731,1721160314.626343057,1721160314.706895689,1721160314.915572026,1721160314.995047008,1721160315.076806627,1721160315.228735582
