taffo_start,init_start,vra_start,dta_start,conversion_start,backend_start,taffo_end
1721160307.288654350,1721160307.708541767,1721160307.788603756,1721160307.998526530,1721160308.077542237,1721160308.159038356,1721160308.308711259
