taffo_start,init_start,vra_start,dta_start,conversion_start,backend_start,taffo_end
1721160320.452737464,1721160320.879642344,1721160320.961177859,1721160321.170086390,1721160321.250088597,1721160321.332243672,1721160321.483996196
