var_scaling_factor,var_name,var_min,var_max,var_isnan,var_isinf
2,alpha,1.500000,1.500000,0,0
2,beta,1.200000,1.200000,0,0
2,A,0.000000,1.750000,0,0
2,B,0.000000,1.800000,0,0
2,C,0.000000,1.857143,0,0
2,D,0.000000,1.833333,0,0
2,tmp,0.000000,0.000000,0,0
2,alpha,1.500000,1.500000,0,0
2,beta,1.200000,1.200000,0,0
2,A,0.000000,1.750000,0,0
2,B,0.000000,1.800000,0,0
2,C,0.000000,1.857143,0,0
2,D,4.392858,153.449997,0,0
2,tmp,0.000000,18.449999,0,0
