taffo_start,init_start,vra_start,dta_start,conversion_start,backend_start,taffo_end
1694172420.285578944,1694172420.736518391,1694172420.829737154,1694172420.973399793,1694172421.065646232,1694172421.161173112,1694172421.350480032
