taffo_start,init_start,vra_start,dta_start,conversion_start,backend_start,taffo_end
1694172426.714498545,1694172427.151016206,1694172427.244165038,1694172427.386179599,1694172427.479794085,1694172427.575261134,1694172427.764444067
