taffo_start,init_start,vra_start,dta_start,conversion_start,backend_start,taffo_end
1694172418.403086611,1694172418.822853782,1694172418.901559440,1694172419.014511018,1694172419.091931502,1694172419.170456875,1694172419.313795978
