taffo_start,init_start,vra_start,dta_start,conversion_start,backend_start,taffo_end
1694172435.303051947,1694172435.763722573,1694172435.857393512,1694172436.001031263,1694172436.093199181,1694172436.188433919,1694172436.380226317
