taffo_start,init_start,vra_start,dta_start,conversion_start,backend_start,taffo_end
1694172433.168165624,1694172433.606271422,1694172433.699581776,1694172433.841675005,1694172433.933780371,1694172434.029949454,1694172434.226546615
