taffo_start,init_start,vra_start,dta_start,conversion_start,backend_start,taffo_end
1694172424.580698411,1694172425.016386673,1694172425.111226315,1694172425.253772606,1694172425.346078473,1694172425.442313582,1694172425.637507128
