taffo_start,init_start,vra_start,dta_start,conversion_start,backend_start,taffo_end
1694172431.017032141,1694172431.470027369,1694172431.564590031,1694172431.706488345,1694172431.798812627,1694172431.894239280,1694172432.083137347
