taffo_start,init_start,vra_start,dta_start,conversion_start,backend_start,taffo_end
1694172439.626156034,1694172440.061366834,1694172440.155182761,1694172440.297975444,1694172440.396819616,1694172440.503084831,1694172440.695955049
