taffo_start,init_start,vra_start,dta_start,conversion_start,backend_start,taffo_end
1694172422.440902109,1694172422.881901885,1694172422.975653077,1694172423.117380729,1694172423.209364458,1694172423.306888605,1694172423.496942805
