taffo_start,init_start,vra_start,dta_start,conversion_start,backend_start,taffo_end
1694172437.462071737,1694172437.899814223,1694172437.993434866,1694172438.134952398,1694172438.226798059,1694172438.330595508,1694172438.533565798
