taffo_start,init_start,vra_start,dta_start,conversion_start,backend_start,taffo_end
1694172428.852363690,1694172429.301503022,1694172429.394407799,1694172429.537958350,1694172429.629988871,1694172429.725537088,1694172429.914430326
