var_scaling_factor,var_name,var_min,var_max,var_isnan,var_isinf
256,tsteps,10.000000,10.000000,0,0
256,A,34.133335,273.066681,0,0
256,B,51.200001,290.133331,0,0
256,tsteps,10.000000,10.000000,0,0
256,A,34.133335,273.066681,0,0
256,B,51.200001,290.133331,0,0
