var_scaling_factor,var_name,var_min,var_max,var_isnan,var_isinf
4,alpha,1.500000,1.500000,0,0
4,A,0.000000,4.000000,0,0
4,B,0.000000,3.750000,0,0
4,alpha,1.500000,1.500000,0,0
4,A,0.000000,4.000000,0,0
4,B,0.000000,85.500000,0,0
