taffo_start,init_start,vra_start,dta_start,conversion_start,backend_start,taffo_end
1694173976.603366041,1694173977.044846390,1694173977.140324108,1694173977.381715192,1694173977.480206505,1694173977.580100174,1694173977.764796834
