taffo_start,init_start,vra_start,dta_start,conversion_start,backend_start,taffo_end
1694173992.279417406,1694173992.719745609,1694173992.815499309,1694173993.061812118,1694173993.159318640,1694173993.260250233,1694173993.443602446
