taffo_start,init_start,vra_start,dta_start,conversion_start,backend_start,taffo_end
1694173978.841003337,1694173979.279185445,1694173979.377503836,1694173979.620825840,1694173979.716710251,1694173979.815212032,1694173979.996972400
