taffo_start,init_start,vra_start,dta_start,conversion_start,backend_start,taffo_end
1694173987.804067369,1694173988.249430945,1694173988.345282509,1694173988.585933422,1694173988.682127470,1694173988.781367003,1694173988.971488337
