taffo_start,init_start,vra_start,dta_start,conversion_start,backend_start,taffo_end
1694173985.564249917,1694173986.000665998,1694173986.100887115,1694173986.342808517,1694173986.437823559,1694173986.537179910,1694173986.720778871
