taffo_start,init_start,vra_start,dta_start,conversion_start,backend_start,taffo_end
1694173983.326657306,1694173983.764900704,1694173983.860547388,1694173984.100659632,1694173984.196799599,1694173984.295929453,1694173984.477971488
