taffo_start,init_start,vra_start,dta_start,conversion_start,backend_start,taffo_end
1694173981.089012709,1694173981.525440789,1694173981.621245232,1694173981.863953977,1694173981.959421601,1694173982.057873173,1694173982.239321164
