taffo_start,init_start,vra_start,dta_start,conversion_start,backend_start,taffo_end
1694173994.510753885,1694173994.955271478,1694173995.052049902,1694173995.304134534,1694173995.399803837,1694173995.499147359,1694173995.693312051
