taffo_start,init_start,vra_start,dta_start,conversion_start,backend_start,taffo_end
1694173990.042644629,1694173990.481805162,1694173990.589221540,1694173990.830559611,1694173990.927869655,1694173991.027732170,1694173991.210310648
