taffo_start,init_start,vra_start,dta_start,conversion_start,backend_start,taffo_end
1694173996.775231859,1694173997.213537558,1694173997.311127072,1694173997.552755203,1694173997.648789565,1694173997.748715602,1694173997.933518897
