taffo_start,init_start,vra_start,dta_start,conversion_start,backend_start,taffo_end
1694173974.619108172,1694173975.049395493,1694173975.131136265,1694173975.332351462,1694173975.413577838,1694173975.495632552,1694173975.641593600
