var_scaling_factor,var_name,var_min,var_max,var_isnan,var_isinf
2,alpha,1.500000,1.500000,0,0
2,A,0.000000,2.000000,0,0
2,B,0.000000,1.875000,0,0
2,alpha,1.500000,1.500000,0,0
2,A,0.000000,2.000000,0,0
2,B,0.000000,21.937500,0,0
