var_scaling_factor,var_name,var_min,var_max,var_isnan,var_isinf
64,E,0.000000,0.000000,0,0
64,A,0.000000,10.666667,0,0
64,B,0.000000,11.200000,0,0
64,F,0.000000,0.000000,0,0
64,C,0.000000,11.733334,0,0
64,D,0.000000,11.520000,0,0
64,G,0.000000,0.000000,0,0
64,E,68.266670,443.733368,0,0
64,A,0.000000,10.666667,0,0
64,B,0.000000,11.200000,0,0
64,F,0.000000,524.288025,0,0
64,C,0.000000,11.733334,0,0
64,D,0.000000,11.520000,0,0
64,G,131496.109375,910723.250000,0,0
