var_scaling_factor,var_name,var_min,var_max,var_isnan,var_isinf
128,alpha,1.500000,1.500000,0,0
128,A,0.000000,128.000000,0,0
128,B,0.000000,120.000000,0,0
128,alpha,1.500000,1.500000,0,0
128,A,0.000000,128.000000,0,0
128,B,0.000000,85320.000000,0,0
