var_scaling_factor,var_name,var_min,var_max,var_isnan,var_isinf
8,tsteps,10.000000,10.000000,0,0
8,A,0.800000,160.399994,0,0
8,tsteps,10.000000,10.000000,0,0
8,A,0.800000,160.399994,0,0
