taffo_start,init_start,vra_start,dta_start,conversion_start,backend_start,taffo_end
1694171064.571190044,1694171065.026325822,1694171065.147325143,1694171065.405539324,1694171065.534673191,1694171065.650757861,1694171065.861964685
