taffo_start,init_start,vra_start,dta_start,conversion_start,backend_start,taffo_end
1694171076.779536826,1694171077.232191875,1694171077.353089160,1694171077.609319239,1694171077.723317872,1694171077.838758446,1694171078.050149466
