taffo_start,init_start,vra_start,dta_start,conversion_start,backend_start,taffo_end
1694171084.126473019,1694171084.581945238,1694171084.701252724,1694171084.955088777,1694171085.069319417,1694171085.190136155,1694171085.411318771
