taffo_start,init_start,vra_start,dta_start,conversion_start,backend_start,taffo_end
1694171079.216158474,1694171079.670374427,1694171079.788530696,1694171080.049791140,1694171080.164241068,1694171080.279527543,1694171080.502828576
