taffo_start,init_start,vra_start,dta_start,conversion_start,backend_start,taffo_end
1694171071.912347170,1694171072.377296742,1694171072.501121312,1694171072.756789182,1694171072.874337632,1694171072.990965654,1694171073.201596809
