taffo_start,init_start,vra_start,dta_start,conversion_start,backend_start,taffo_end
1694171060.009996260,1694171060.452519431,1694171060.558164452,1694171060.759575480,1694171060.855036206,1694171060.948920758,1694171061.104795905
