taffo_start,init_start,vra_start,dta_start,conversion_start,backend_start,taffo_end
1694171069.476268403,1694171069.932465754,1694171070.055612287,1694171070.317537871,1694171070.431889194,1694171070.559281246,1694171070.767672729
