taffo_start,init_start,vra_start,dta_start,conversion_start,backend_start,taffo_end
1694171062.118318808,1694171062.576420066,1694171062.694895128,1694171062.952572642,1694171063.066569574,1694171063.183961223,1694171063.395253439
