taffo_start,init_start,vra_start,dta_start,conversion_start,backend_start,taffo_end
1694171074.355212853,1694171074.810170931,1694171074.928741294,1694171075.183283799,1694171075.296873695,1694171075.412486761,1694171075.631386189
