taffo_start,init_start,vra_start,dta_start,conversion_start,backend_start,taffo_end
1694171067.025926258,1694171067.480798782,1694171067.599469764,1694171067.856414970,1694171067.971121169,1694171068.089653464,1694171068.305744327
