taffo_start,init_start,vra_start,dta_start,conversion_start,backend_start,taffo_end
1694171081.657856128,1694171082.111665033,1694171082.230681709,1694171082.487341457,1694171082.608894842,1694171082.729583572,1694171082.948338203
