var_scaling_factor,var_name,var_min,var_max,var_isnan,var_isinf
1,alpha,1.500000,1.500000,0,0
1,beta,1.200000,1.200000,0,0
1,C,0.000000,2.400000,0,0
1,A,-999.000000,1.800000,0,0
1,B,0.100000,2.500000,0,0
1,alpha,1.500000,1.500000,0,0
1,beta,1.200000,1.200000,0,0
1,C,6.750000,43.830002,0,0
1,A,-999.000000,1.800000,0,0
1,B,0.100000,2.500000,0,0
