taffo_start,init_start,vra_start,dta_start,conversion_start,backend_start,taffo_end
1694172971.310349734,1694172971.772274647,1694172971.896799463,1694172972.327327775,1694172972.450546416,1694172972.583819664,1694172972.868087842
