taffo_start,init_start,vra_start,dta_start,conversion_start,backend_start,taffo_end
1694172965.511093678,1694172965.978431109,1694172966.105310546,1694172966.533696637,1694172966.658799003,1694172966.794555058,1694172967.080255884
