taffo_start,init_start,vra_start,dta_start,conversion_start,backend_start,taffo_end
1694172976.989787432,1694172977.449711577,1694172977.575279343,1694172977.998175157,1694172978.121724520,1694172978.262021817,1694172978.522327921
