taffo_start,init_start,vra_start,dta_start,conversion_start,backend_start,taffo_end
1694172985.522491731,1694172985.991050870,1694172986.115907390,1694172986.547806705,1694172986.671577954,1694172986.807732829,1694172987.072056519
