taffo_start,init_start,vra_start,dta_start,conversion_start,backend_start,taffo_end
1694172974.179227211,1694172974.643180565,1694172974.767275944,1694172975.189210235,1694172975.313900205,1694172975.448098624,1694172975.718429501
