taffo_start,init_start,vra_start,dta_start,conversion_start,backend_start,taffo_end
1694172968.396155611,1694172968.859462244,1694172968.988389296,1694172969.416304321,1694172969.540022918,1694172969.674837838,1694172969.958721614
