taffo_start,init_start,vra_start,dta_start,conversion_start,backend_start,taffo_end
1694172962.669302945,1694172963.129702330,1694172963.255127214,1694172963.676027115,1694172963.799581172,1694172963.930167690,1694172964.210943024
