taffo_start,init_start,vra_start,dta_start,conversion_start,backend_start,taffo_end
1694172979.799208547,1694172980.263846048,1694172980.398647145,1694172980.838998799,1694172980.962669804,1694172981.099398968,1694172981.362196090
