taffo_start,init_start,vra_start,dta_start,conversion_start,backend_start,taffo_end
1694172959.763535113,1694172960.242277206,1694172960.368472890,1694172960.805587723,1694172960.927738923,1694172961.058385407,1694172961.330409759
