taffo_start,init_start,vra_start,dta_start,conversion_start,backend_start,taffo_end
1694172982.658091824,1694172983.124736039,1694172983.248851553,1694172983.671596101,1694172983.794375172,1694172983.932438486,1694172984.229554968
