taffo_start,init_start,vra_start,dta_start,conversion_start,backend_start,taffo_end
1694172957.310037421,1694172957.755844105,1694172957.859766045,1694172958.220570058,1694172958.321004025,1694172958.429497460,1694172958.637500484
