var_scaling_factor,var_name,var_min,var_max,var_isnan,var_isinf
8,A,0.000000,1.680000,0,0
8,x,8.000000,15.636364,0,0
8,y,0.000000,0.000000,0,0
8,tmp,0.000000,0.000000,0,0
8,A,0.000000,1.680000,0,0
8,x,8.000000,15.636364,0,0
8,y,3244.288086,3938.048096,0,0
8,tmp,205.439987,244.160004,0,0
