var_scaling_factor,var_name,var_min,var_max,var_isnan,var_isinf
512,E,0.000000,0.000000,0,0
512,A,0.000000,85.333336,0,0
512,B,0.000000,89.599998,0,0
512,F,0.000000,0.000000,0,0
512,C,0.000000,93.866669,0,0
512,D,0.000000,92.160004,0,0
512,G,0.000000,0.000000,0,0
512,E,4369.066895,28398.935547,0,0
512,A,0.000000,85.333336,0,0
512,B,0.000000,89.599998,0,0
512,F,0.000000,33554.433594,0,0
512,C,0.000000,93.866669,0,0
512,D,0.000000,92.160004,0,0
512,G,538608064.000000,3730322432.000000,0,0
