var_scaling_factor,var_name,var_min,var_max,var_isnan,var_isinf
128,tsteps,10.000000,10.000000,0,0
128,A,17.066668,1928.533325,0,0
128,B,25.600000,2056.533447,0,0
128,tsteps,10.000000,10.000000,0,0
128,A,17.066668,1928.533325,0,0
128,B,25.600000,2056.533447,0,0
