taffo_start,init_start,vra_start,dta_start,conversion_start,backend_start,taffo_end
1694174429.396442608,1694174429.831818587,1694174429.921637865,1694174430.102025475,1694174430.190154540,1694174430.281937528,1694174430.450462093
