taffo_start,init_start,vra_start,dta_start,conversion_start,backend_start,taffo_end
1694174425.193042798,1694174425.648715503,1694174425.738610468,1694174425.917954387,1694174426.011736136,1694174426.104081319,1694174426.271946157
