taffo_start,init_start,vra_start,dta_start,conversion_start,backend_start,taffo_end
1694174431.491216508,1694174431.920090229,1694174432.009575403,1694174432.190571886,1694174432.279072947,1694174432.371172290,1694174432.540196841
