taffo_start,init_start,vra_start,dta_start,conversion_start,backend_start,taffo_end
1694174433.595556753,1694174434.028368792,1694174434.117820836,1694174434.297969665,1694174434.385441410,1694174434.477364830,1694174434.645510265
