taffo_start,init_start,vra_start,dta_start,conversion_start,backend_start,taffo_end
1694174435.697556609,1694174436.126422275,1694174436.216375305,1694174436.396335024,1694174436.484519653,1694174436.576198282,1694174436.748273700
