taffo_start,init_start,vra_start,dta_start,conversion_start,backend_start,taffo_end
1694174423.081325951,1694174423.521318549,1694174423.610778632,1694174423.792240598,1694174423.880222288,1694174423.972898583,1694174424.141747980
