taffo_start,init_start,vra_start,dta_start,conversion_start,backend_start,taffo_end
1694174418.833454464,1694174419.286681028,1694174419.376628643,1694174419.564486015,1694174419.652195252,1694174419.745322649,1694174419.912893669
