taffo_start,init_start,vra_start,dta_start,conversion_start,backend_start,taffo_end
1694174437.819103305,1694174438.254071979,1694174438.343427303,1694174438.524347091,1694174438.614748254,1694174438.706808723,1694174438.878952087
