taffo_start,init_start,vra_start,dta_start,conversion_start,backend_start,taffo_end
1694174420.963302555,1694174421.402405004,1694174421.499118100,1694174421.680552523,1694174421.768407840,1694174421.861538633,1694174422.033577129
