taffo_start,init_start,vra_start,dta_start,conversion_start,backend_start,taffo_end
1694174427.305681502,1694174427.746541377,1694174427.837058409,1694174428.018555638,1694174428.105665404,1694174428.197820896,1694174428.364771831
