taffo_start,init_start,vra_start,dta_start,conversion_start,backend_start,taffo_end
1694174416.953595452,1694174417.378854035,1694174417.456892687,1694174417.609628413,1694174417.686250399,1694174417.763255595,1694174417.887934671
