var_scaling_factor,var_name,var_min,var_max,var_isnan,var_isinf
4,alpha,1.500000,1.500000,0,0
4,beta,1.200000,1.200000,0,0
4,A,0.000000,3.750000,0,0
4,B,0.000000,3.750000,0,0
4,tmp,0.000000,0.000000,0,0
4,x,0.000000,3.750000,0,0
4,y,0.000000,0.000000,0,0
4,alpha,1.500000,1.500000,0,0
4,beta,1.200000,1.200000,0,0
4,A,0.000000,3.750000,0,0
4,B,0.000000,3.750000,0,0
4,tmp,7.500000,70.500000,0,0
4,x,0.000000,3.750000,0,0
4,y,29.250000,181.200012,0,0
