var_scaling_factor,var_name,var_min,var_max,var_isnan,var_isinf
16,E,0.000000,0.000000,0,0
16,A,0.000000,2.666667,0,0
16,B,0.000000,2.800000,0,0
16,F,0.000000,0.000000,0,0
16,C,0.000000,2.933333,0,0
16,D,0.000000,2.880000,0,0
16,G,0.000000,0.000000,0,0
16,E,4.266667,27.733335,0,0
16,A,0.000000,2.666667,0,0
16,B,0.000000,2.800000,0,0
16,F,0.000000,32.768002,0,0
16,C,0.000000,2.933333,0,0
16,D,0.000000,2.880000,0,0
16,G,513.656677,3557.512695,0,0
