var_scaling_factor,var_name,var_min,var_max,var_isnan,var_isinf
1,alpha,1.500000,1.500000,0,0
1,beta,1.200000,1.200000,0,0
1,C,0.000000,1.500000,0,0
1,A,0.000000,0.937500,0,0
1,B,0.000000,0.900000,0,0
1,alpha,1.500000,1.500000,0,0
1,beta,1.200000,1.200000,0,0
1,C,0.000000,9.046875,0,0
1,A,0.000000,0.937500,0,0
1,B,0.000000,0.900000,0,0
