var_scaling_factor,var_name,var_min,var_max,var_isnan,var_isinf
32,A,0.000000,30.545454,0,0
32,s,0.000000,0.000000,0,0
32,q,0.000000,0.000000,0,0
32,p,0.000000,30.400000,0,0
32,r,0.000000,30.545454,0,0
32,A,0.000000,30.545454,0,0
32,s,2816.000000,7005.091309,0,0
32,q,0.000000,6190.545410,0,0
32,p,0.000000,30.400000,0,0
32,r,0.000000,30.545454,0,0
