taffo_start,init_start,vra_start,dta_start,conversion_start,backend_start,taffo_end
1694174703.540605979,1694174703.977170335,1694174704.075843132,1694174704.233219776,1694174704.326735355,1694174704.420731970,1694174704.586467677
