taffo_start,init_start,vra_start,dta_start,conversion_start,backend_start,taffo_end
1694174701.437286907,1694174701.873315173,1694174701.968618571,1694174702.137341351,1694174702.239234925,1694174702.337213595,1694174702.504463168
