taffo_start,init_start,vra_start,dta_start,conversion_start,backend_start,taffo_end
1694174693.033973006,1694174693.471393941,1694174693.566710369,1694174693.723383375,1694174693.818836981,1694174693.912530267,1694174694.086756355
