taffo_start,init_start,vra_start,dta_start,conversion_start,backend_start,taffo_end
1694174691.115885278,1694174691.539421992,1694174691.626666534,1694174691.768241782,1694174691.853758794,1694174691.937720218,1694174692.080700420
