taffo_start,init_start,vra_start,dta_start,conversion_start,backend_start,taffo_end
1694174707.806629585,1694174708.247531240,1694174708.342813865,1694174708.500249640,1694174708.593461747,1694174708.687432765,1694174708.854139768
