taffo_start,init_start,vra_start,dta_start,conversion_start,backend_start,taffo_end
1694174711.986470064,1694174712.436324101,1694174712.532410231,1694174712.690736248,1694174712.784319095,1694174712.879246135,1694174713.047976350
