taffo_start,init_start,vra_start,dta_start,conversion_start,backend_start,taffo_end
1694174705.635563597,1694174706.076849860,1694174706.172206298,1694174706.329863879,1694174706.423002089,1694174706.557289351,1694174706.726369637
