taffo_start,init_start,vra_start,dta_start,conversion_start,backend_start,taffo_end
1694174709.892706956,1694174710.331234237,1694174710.427046283,1694174710.592545485,1694174710.686866889,1694174710.782319505,1694174710.948668494
