taffo_start,init_start,vra_start,dta_start,conversion_start,backend_start,taffo_end
1694174697.225069626,1694174697.662848089,1694174697.758229461,1694174697.915578796,1694174698.013365002,1694174698.107927386,1694174698.292378426
