taffo_start,init_start,vra_start,dta_start,conversion_start,backend_start,taffo_end
1694174695.130995518,1694174695.576940330,1694174695.671822671,1694174695.830201741,1694174695.923483886,1694174696.021983001,1694174696.188832881
