taffo_start,init_start,vra_start,dta_start,conversion_start,backend_start,taffo_end
1694174699.346102107,1694174699.782331343,1694174699.877735519,1694174700.041699667,1694174700.134972718,1694174700.229818961,1694174700.395459835
