taffo_start,init_start,vra_start,dta_start,conversion_start,backend_start,taffo_end
1694174227.055538918,1694174227.493476778,1694174227.583164864,1694174227.726518214,1694174227.816079358,1694174227.910553691,1694174228.081013398
