taffo_start,init_start,vra_start,dta_start,conversion_start,backend_start,taffo_end
1694174224.971010249,1694174225.409508631,1694174225.498704148,1694174225.658465353,1694174225.747369352,1694174225.842034920,1694174226.011503400
