taffo_start,init_start,vra_start,dta_start,conversion_start,backend_start,taffo_end
1694174222.883495852,1694174223.335363774,1694174223.424976551,1694174223.570615667,1694174223.659677807,1694174223.753467021,1694174223.925179846
