taffo_start,init_start,vra_start,dta_start,conversion_start,backend_start,taffo_end
1694174233.304306386,1694174233.737239076,1694174233.827390779,1694174233.972890883,1694174234.063240559,1694174234.156455923,1694174234.330753261
