taffo_start,init_start,vra_start,dta_start,conversion_start,backend_start,taffo_end
1694174231.209987961,1694174231.640986852,1694174231.730382189,1694174231.876203700,1694174231.964827877,1694174232.058586902,1694174232.238117093
