taffo_start,init_start,vra_start,dta_start,conversion_start,backend_start,taffo_end
1694174229.127239818,1694174229.562927674,1694174229.652089335,1694174229.798457466,1694174229.889280304,1694174229.983042172,1694174230.153067637
