taffo_start,init_start,vra_start,dta_start,conversion_start,backend_start,taffo_end
1694174218.718619301,1694174219.163697155,1694174219.252995572,1694174219.396973716,1694174219.486090765,1694174219.580427186,1694174219.750790120
