taffo_start,init_start,vra_start,dta_start,conversion_start,backend_start,taffo_end
1694174220.811486403,1694174221.248811347,1694174221.338807346,1694174221.483363889,1694174221.571272374,1694174221.664257216,1694174221.835052129
