taffo_start,init_start,vra_start,dta_start,conversion_start,backend_start,taffo_end
1694174212.698324559,1694174213.121704419,1694174213.204923512,1694174213.326454026,1694174213.404278634,1694174213.481948202,1694174213.609316225
