taffo_start,init_start,vra_start,dta_start,conversion_start,backend_start,taffo_end
1694174216.636525057,1694174217.068405090,1694174217.162543264,1694174217.308815653,1694174217.398122583,1694174217.491842729,1694174217.662220647
