taffo_start,init_start,vra_start,dta_start,conversion_start,backend_start,taffo_end
1694174214.548734933,1694174214.981547217,1694174215.070670652,1694174215.222313769,1694174215.311832649,1694174215.406597259,1694174215.589903400
