var_scaling_factor,var_name,var_min,var_max,var_isnan,var_isinf
16,alpha,1.500000,1.500000,0,0
16,A,0.000000,16.000000,0,0
16,B,0.000000,15.000000,0,0
16,alpha,1.500000,1.500000,0,0
16,A,0.000000,16.000000,0,0
16,B,0.000000,1341.000000,0,0
