taffo_start,init_start,vra_start,dta_start,conversion_start,backend_start,taffo_end
1694171854.048466482,1694171854.506663589,1694171854.603136457,1694171854.754407058,1694171854.848070413,1694171854.944647950,1694171855.125227563
