taffo_start,init_start,vra_start,dta_start,conversion_start,backend_start,taffo_end
1694171851.908965766,1694171852.352709579,1694171852.452354661,1694171852.605008250,1694171852.698898109,1694171852.796833775,1694171852.977777919
