taffo_start,init_start,vra_start,dta_start,conversion_start,backend_start,taffo_end
1694171845.736325978,1694171846.159925611,1694171846.241784232,1694171846.366078905,1694171846.446103496,1694171846.526338258,1694171846.660223707
