taffo_start,init_start,vra_start,dta_start,conversion_start,backend_start,taffo_end
1694171858.327244396,1694171858.765650423,1694171858.861958418,1694171859.013635933,1694171859.109019912,1694171859.208079674,1694171859.388529655
