taffo_start,init_start,vra_start,dta_start,conversion_start,backend_start,taffo_end
1694171860.468226675,1694171860.909778595,1694171861.006486352,1694171861.159465597,1694171861.253294857,1694171861.350983329,1694171861.531343958
