taffo_start,init_start,vra_start,dta_start,conversion_start,backend_start,taffo_end
1694171856.196680808,1694171856.642264520,1694171856.738307181,1694171856.889708471,1694171856.983904212,1694171857.080330546,1694171857.261739942
