taffo_start,init_start,vra_start,dta_start,conversion_start,backend_start,taffo_end
1694171864.743368033,1694171865.185145352,1694171865.285418300,1694171865.440675127,1694171865.543142013,1694171865.639445888,1694171865.821308826
