taffo_start,init_start,vra_start,dta_start,conversion_start,backend_start,taffo_end
1694171849.768629214,1694171850.206698134,1694171850.303854542,1694171850.463789526,1694171850.565302756,1694171850.662496122,1694171850.842365934
