taffo_start,init_start,vra_start,dta_start,conversion_start,backend_start,taffo_end
1694171866.896940277,1694171867.336226498,1694171867.432226635,1694171867.583624416,1694171867.677286254,1694171867.774482285,1694171867.957278174
