taffo_start,init_start,vra_start,dta_start,conversion_start,backend_start,taffo_end
1694171847.618779473,1694171848.057014990,1694171848.153583025,1694171848.325093242,1694171848.424008050,1694171848.521453689,1694171848.701301306
