taffo_start,init_start,vra_start,dta_start,conversion_start,backend_start,taffo_end
1694171862.602336888,1694171863.046455129,1694171863.141940632,1694171863.293712363,1694171863.387834389,1694171863.483987225,1694171863.663825285
