var_scaling_factor,var_name,var_min,var_max,var_isnan,var_isinf
8,alpha,1.500000,1.500000,0,0
8,beta,1.200000,1.200000,0,0
8,A,0.000000,7.000000,0,0
8,B,0.000000,7.200000,0,0
8,C,0.000000,7.428571,0,0
8,D,0.000000,7.333333,0,0
8,tmp,0.000000,0.000000,0,0
8,alpha,1.500000,1.500000,0,0
8,beta,1.200000,1.200000,0,0
8,A,0.000000,7.000000,0,0
8,B,0.000000,7.200000,0,0
8,C,0.000000,7.428571,0,0
8,D,281.142883,9820.799805,0,0
8,tmp,0.000000,295.199982,0,0
