taffo_start,init_start,vra_start,dta_start,conversion_start,backend_start,taffo_end
1694172375.674536007,1694172376.111595772,1694172376.205420446,1694172376.348662141,1694172376.441814810,1694172376.536837763,1694172376.726838379
