taffo_start,init_start,vra_start,dta_start,conversion_start,backend_start,taffo_end
1694172377.836361181,1694172378.272850109,1694172378.367892856,1694172378.509662312,1694172378.601738383,1694172378.697187639,1694172378.886785620
