taffo_start,init_start,vra_start,dta_start,conversion_start,backend_start,taffo_end
1694172392.868218164,1694172393.305456498,1694172393.403193834,1694172393.546671914,1694172393.639457152,1694172393.735399251,1694172393.926604713
