taffo_start,init_start,vra_start,dta_start,conversion_start,backend_start,taffo_end
1694172382.112496811,1694172382.553096026,1694172382.646263175,1694172382.788572139,1694172382.881170744,1694172382.978960717,1694172383.168091355
