taffo_start,init_start,vra_start,dta_start,conversion_start,backend_start,taffo_end
1694172379.967857587,1694172380.402541614,1694172380.501631371,1694172380.644339660,1694172380.736332318,1694172380.831983452,1694172381.020938545
