taffo_start,init_start,vra_start,dta_start,conversion_start,backend_start,taffo_end
1694172373.529587719,1694172373.969748493,1694172374.063523626,1694172374.205723706,1694172374.300567543,1694172374.396301283,1694172374.585961559
