taffo_start,init_start,vra_start,dta_start,conversion_start,backend_start,taffo_end
1694172384.250658803,1694172384.689360560,1694172384.783055245,1694172384.927092956,1694172385.019806635,1694172385.115413567,1694172385.305997186
