taffo_start,init_start,vra_start,dta_start,conversion_start,backend_start,taffo_end
1694172388.552887337,1694172388.991058319,1694172389.084426594,1694172389.232326822,1694172389.324392482,1694172389.420549332,1694172389.610743028
