taffo_start,init_start,vra_start,dta_start,conversion_start,backend_start,taffo_end
1694172386.405125096,1694172386.844183630,1694172386.937523542,1694172387.078864167,1694172387.170952162,1694172387.267402504,1694172387.458351835
