taffo_start,init_start,vra_start,dta_start,conversion_start,backend_start,taffo_end
1694172371.629935026,1694172372.048660591,1694172372.127698655,1694172372.239738145,1694172372.331585508,1694172372.410748833,1694172372.552781027
