taffo_start,init_start,vra_start,dta_start,conversion_start,backend_start,taffo_end
1694172390.709849021,1694172391.145902531,1694172391.242686170,1694172391.384875528,1694172391.478515687,1694172391.576328314,1694172391.767417635
