var_scaling_factor,var_name,var_min,var_max,var_isnan,var_isinf
1024,alpha,1.500000,1.500000,0,0
1024,beta,1.200000,1.200000,0,0
1024,C,0.000000,921.599976,0,0
1024,A,0.000000,960.000000,0,0
1024,alpha,1.500000,1.500000,0,0
1024,beta,1.200000,1.200000,0,0
1024,C,0.000000,6765404.000000,0,0
1024,A,0.000000,960.000000,0,0
