taffo_start,init_start,vra_start,dta_start,conversion_start,backend_start,taffo_end
1694172993.642652704,1694172994.109927966,1694172994.235453569,1694172994.659288545,1694172994.782440584,1694172994.913617082,1694172995.192445719
