taffo_start,init_start,vra_start,dta_start,conversion_start,backend_start,taffo_end
1694173005.091500989,1694173005.567409274,1694173005.694425854,1694173006.118317194,1694173006.241335406,1694173006.376950162,1694173006.639395133
