taffo_start,init_start,vra_start,dta_start,conversion_start,backend_start,taffo_end
1694172996.493199068,1694172996.957193123,1694172997.083487096,1694172997.512880318,1694172997.636365656,1694172997.771099459,1694172998.056535190
