taffo_start,init_start,vra_start,dta_start,conversion_start,backend_start,taffo_end
1694173013.525856947,1694173013.989031540,1694173014.113440480,1694173014.535877462,1694173014.660429649,1694173014.802567728,1694173015.068850259
