taffo_start,init_start,vra_start,dta_start,conversion_start,backend_start,taffo_end
1694173007.884997530,1694173008.345232023,1694173008.469628885,1694173008.898853330,1694173009.022895653,1694173009.164191543,1694173009.428074194
