taffo_start,init_start,vra_start,dta_start,conversion_start,backend_start,taffo_end
1694173010.710898050,1694173011.176309929,1694173011.302912766,1694173011.731995149,1694173011.856052277,1694173011.992992992,1694173012.257187840
