taffo_start,init_start,vra_start,dta_start,conversion_start,backend_start,taffo_end
1694173002.243580612,1694173002.707572539,1694173002.831904884,1694173003.253799959,1694173003.376316458,1694173003.508392763,1694173003.791250135
