taffo_start,init_start,vra_start,dta_start,conversion_start,backend_start,taffo_end
1694172990.822477383,1694172991.284641493,1694172991.409926341,1694172991.833958147,1694172991.955663077,1694172992.089475966,1694172992.361518134
