taffo_start,init_start,vra_start,dta_start,conversion_start,backend_start,taffo_end
1694172999.360013498,1694172999.820434530,1694172999.945688748,1694173000.366656794,1694173000.492174699,1694173000.644266112,1694173000.928901848
