taffo_start,init_start,vra_start,dta_start,conversion_start,backend_start,taffo_end
1694173016.341997734,1694173016.810699289,1694173016.934906697,1694173017.357959796,1694173017.481807206,1694173017.619723664,1694173017.883709163
