taffo_start,init_start,vra_start,dta_start,conversion_start,backend_start,taffo_end
1694172988.364597744,1694172988.809063665,1694172988.913186452,1694172989.265310973,1694172989.365813499,1694172989.468835676,1694172989.681472220
