taffo_start,init_start,vra_start,dta_start,conversion_start,backend_start,taffo_end
1694174249.774131691,1694174250.209901108,1694174250.300281264,1694174250.445191615,1694174250.537671156,1694174250.645568890,1694174250.817543564
