taffo_start,init_start,vra_start,dta_start,conversion_start,backend_start,taffo_end
1694174237.268342368,1694174237.699758912,1694174237.788928523,1694174237.933585243,1694174238.025012535,1694174238.121406436,1694174238.296897222
