taffo_start,init_start,vra_start,dta_start,conversion_start,backend_start,taffo_end
1694174256.045542234,1694174256.480710592,1694174256.571677785,1694174256.715868272,1694174256.805916979,1694174256.899838491,1694174257.071492237
