taffo_start,init_start,vra_start,dta_start,conversion_start,backend_start,taffo_end
1694174245.634517538,1694174246.073377009,1694174246.162870747,1694174246.306615211,1694174246.395267365,1694174246.490364166,1694174246.660741879
