taffo_start,init_start,vra_start,dta_start,conversion_start,backend_start,taffo_end
1694174239.342500300,1694174239.773131208,1694174239.863943735,1694174240.011667666,1694174240.100442289,1694174240.194312424,1694174240.367155437
