taffo_start,init_start,vra_start,dta_start,conversion_start,backend_start,taffo_end
1694174235.384884541,1694174235.811814157,1694174235.890228915,1694174236.009790490,1694174236.086411652,1694174236.165979181,1694174236.292437766
