taffo_start,init_start,vra_start,dta_start,conversion_start,backend_start,taffo_end
1694174253.961624224,1694174254.404328937,1694174254.493846728,1694174254.641784183,1694174254.730466689,1694174254.823361995,1694174254.996796163
