taffo_start,init_start,vra_start,dta_start,conversion_start,backend_start,taffo_end
1694174241.456380704,1694174241.889928913,1694174241.979772588,1694174242.124220205,1694174242.212836834,1694174242.307497909,1694174242.482281779
