taffo_start,init_start,vra_start,dta_start,conversion_start,backend_start,taffo_end
1694174247.699531837,1694174248.133767365,1694174248.222976495,1694174248.370655091,1694174248.460156130,1694174248.558835042,1694174248.728709179
