taffo_start,init_start,vra_start,dta_start,conversion_start,backend_start,taffo_end
1694174251.866695529,1694174252.303879200,1694174252.393273376,1694174252.538718970,1694174252.627432734,1694174252.720503018,1694174252.892519825
