taffo_start,init_start,vra_start,dta_start,conversion_start,backend_start,taffo_end
1694174243.541270609,1694174243.976112352,1694174244.066392164,1694174244.212046317,1694174244.301852463,1694174244.395349286,1694174244.564943400
