taffo_start,init_start,vra_start,dta_start,conversion_start,backend_start,taffo_end
1694173377.471401992,1694173377.905605239,1694173378.005351748,1694173378.150004903,1694173378.244080913,1694173378.343655227,1694173378.532408029
