taffo_start,init_start,vra_start,dta_start,conversion_start,backend_start,taffo_end
1694173386.053347642,1694173386.495510416,1694173386.594867158,1694173386.737752584,1694173386.833838468,1694173386.933566774,1694173387.117348498
