taffo_start,init_start,vra_start,dta_start,conversion_start,backend_start,taffo_end
1694173369.192043381,1694173369.618614476,1694173369.700440238,1694173369.808732311,1694173369.886154970,1694173369.968736649,1694173370.099117827
