taffo_start,init_start,vra_start,dta_start,conversion_start,backend_start,taffo_end
1694173379.611387330,1694173380.052434434,1694173380.150508268,1694173380.293248873,1694173380.387572680,1694173380.488389767,1694173380.680098974
