taffo_start,init_start,vra_start,dta_start,conversion_start,backend_start,taffo_end
1694173390.409888743,1694173390.860487748,1694173390.959601879,1694173391.103167600,1694173391.197521485,1694173391.298946416,1694173391.486912593
