taffo_start,init_start,vra_start,dta_start,conversion_start,backend_start,taffo_end
1694173381.755847887,1694173382.197503589,1694173382.296638839,1694173382.441160006,1694173382.535713544,1694173382.641350512,1694173382.826723652
