taffo_start,init_start,vra_start,dta_start,conversion_start,backend_start,taffo_end
1694173383.894667020,1694173384.340357918,1694173384.441437689,1694173384.584886071,1694173384.678726352,1694173384.781623697,1694173384.965939559
