taffo_start,init_start,vra_start,dta_start,conversion_start,backend_start,taffo_end
1694173371.051996217,1694173371.485616770,1694173371.584133238,1694173371.727211075,1694173371.821705536,1694173371.924296761,1694173372.110159457
