taffo_start,init_start,vra_start,dta_start,conversion_start,backend_start,taffo_end
1694173375.317950125,1694173375.766419996,1694173375.864631696,1694173376.013061110,1694173376.107636951,1694173376.207933935,1694173376.400447769
