taffo_start,init_start,vra_start,dta_start,conversion_start,backend_start,taffo_end
1694173373.182625277,1694173373.617914394,1694173373.715888397,1694173373.858868420,1694173373.953567872,1694173374.060363656,1694173374.245138703
