taffo_start,init_start,vra_start,dta_start,conversion_start,backend_start,taffo_end
1694173388.197854097,1694173388.672751241,1694173388.773948940,1694173388.916458660,1694173389.013925384,1694173389.119001969,1694173389.308619860
