taffo_start,init_start,vra_start,dta_start,conversion_start,backend_start,taffo_end
1721159824.984422869,1721159825.424472149,1721159825.527394494,1721159825.994006476,1721159826.253793599,1721159826.500266508,1721159826.923768860
