taffo_start,init_start,vra_start,dta_start,conversion_start,backend_start,taffo_end
1721159830.702597604,1721159831.152106485,1721159831.255616080,1721159831.656273290,1721159831.760426997,1721159831.866405684,1721159832.044531945
