taffo_start,init_start,vra_start,dta_start,conversion_start,backend_start,taffo_end
1721159814.989937455,1721159815.429423474,1721159815.532460201,1721159815.935876812,1721159816.039674748,1721159816.146137181,1721159816.329596974
