taffo_start,init_start,vra_start,dta_start,conversion_start,backend_start,taffo_end
1721159817.469175728,1721159817.904110442,1721159818.007098472,1721159818.414942388,1721159818.519138390,1721159818.623779616,1721159818.839870593
