taffo_start,init_start,vra_start,dta_start,conversion_start,backend_start,taffo_end
1721159820.007756216,1721159820.463377967,1721159820.566246410,1721159820.968514227,1721159821.073236027,1721159821.178542305,1721159821.362730769
