taffo_start,init_start,vra_start,dta_start,conversion_start,backend_start,taffo_end
1721159828.194736844,1721159828.659611001,1721159828.762872137,1721159829.164926454,1721159829.268962289,1721159829.376567395,1721159829.564212241
