taffo_start,init_start,vra_start,dta_start,conversion_start,backend_start,taffo_end
1721159812.665144791,1721159813.087210794,1721159813.179160637,1721159813.543477381,1721159813.635302992,1721159813.728295206,1721159813.873802981
