taffo_start,init_start,vra_start,dta_start,conversion_start,backend_start,taffo_end
1721159822.502541570,1721159822.945946035,1721159823.049153528,1721159823.454144382,1721159823.558592808,1721159823.663545668,1721159823.842777648
