taffo_start,init_start,vra_start,dta_start,conversion_start,backend_start,taffo_end
1721159838.126391609,1721159838.654524503,1721159838.758167655,1721159839.158804774,1721159839.262900244,1721159839.371634971,1721159839.550276465
