taffo_start,init_start,vra_start,dta_start,conversion_start,backend_start,taffo_end
1721159833.181323083,1721159833.622063679,1721159833.725578191,1721159834.128769495,1721159834.232433301,1721159834.337935605,1721159834.519617246
