taffo_start,init_start,vra_start,dta_start,conversion_start,backend_start,taffo_end
1721159835.654814879,1721159836.092261089,1721159836.195655216,1721159836.601038818,1721159836.705554730,1721159836.810766234,1721159836.989668790
