taffo_start,init_start,vra_start,dta_start,conversion_start,backend_start,taffo_end
1694172721.340451099,1694172721.776824064,1694172721.873190832,1694172722.075831084,1694172722.171612556,1694172722.270400402,1694172722.454434675
