taffo_start,init_start,vra_start,dta_start,conversion_start,backend_start,taffo_end
1694172712.507415389,1694172712.946685096,1694172713.056191510,1694172713.257755815,1694172713.356488321,1694172713.455150820,1694172713.635608468
