taffo_start,init_start,vra_start,dta_start,conversion_start,backend_start,taffo_end
1694172705.942257509,1694172706.392507992,1694172706.490090583,1694172706.690974702,1694172706.787162654,1694172706.885443142,1694172707.068910678
