taffo_start,init_start,vra_start,dta_start,conversion_start,backend_start,taffo_end
1694172703.754792810,1694172704.193772283,1694172704.291252780,1694172704.492494944,1694172704.588699433,1694172704.687055522,1694172704.868708103
