taffo_start,init_start,vra_start,dta_start,conversion_start,backend_start,taffo_end
1694172710.315859137,1694172710.768082044,1694172710.864860422,1694172711.075028605,1694172711.170742302,1694172711.270215334,1694172711.450843025
