taffo_start,init_start,vra_start,dta_start,conversion_start,backend_start,taffo_end
1694172714.693333806,1694172715.134840548,1694172715.232031662,1694172715.434381742,1694172715.549402265,1694172715.647521069,1694172715.828405358
