taffo_start,init_start,vra_start,dta_start,conversion_start,backend_start,taffo_end
1694172699.641866451,1694172700.069571080,1694172700.153171453,1694172700.320828139,1694172700.402136738,1694172700.486883447,1694172700.630640627
