taffo_start,init_start,vra_start,dta_start,conversion_start,backend_start,taffo_end
1694172708.132599765,1694172708.576188291,1694172708.672872933,1694172708.873817898,1694172708.974512315,1694172709.079590844,1694172709.261402916
