taffo_start,init_start,vra_start,dta_start,conversion_start,backend_start,taffo_end
1694172719.135376934,1694172719.578061390,1694172719.675095615,1694172719.876289080,1694172719.972738265,1694172720.073594131,1694172720.256145789
