taffo_start,init_start,vra_start,dta_start,conversion_start,backend_start,taffo_end
1694172716.889140406,1694172717.368562706,1694172717.492502870,1694172717.696309942,1694172717.792697445,1694172717.891510481,1694172718.079033102
