taffo_start,init_start,vra_start,dta_start,conversion_start,backend_start,taffo_end
1694172701.580399716,1694172702.019120919,1694172702.115930391,1694172702.318675666,1694172702.414247272,1694172702.512785215,1694172702.693292342
