taffo_start,init_start,vra_start,dta_start,conversion_start,backend_start,taffo_end
1694173439.274442172,1694173439.699782779,1694173439.783742474,1694173439.890689897,1694173439.968470254,1694173440.050278421,1694173440.180826926
