taffo_start,init_start,vra_start,dta_start,conversion_start,backend_start,taffo_end
1694173449.678931329,1694173450.134452828,1694173450.234915027,1694173450.378579280,1694173450.473058365,1694173450.586804071,1694173450.775686840
