taffo_start,init_start,vra_start,dta_start,conversion_start,backend_start,taffo_end
1694173453.982594124,1694173454.415603107,1694173454.513924709,1694173454.657097455,1694173454.751949451,1694173454.858836400,1694173455.043823941
