taffo_start,init_start,vra_start,dta_start,conversion_start,backend_start,taffo_end
1694173458.266334118,1694173458.703510728,1694173458.801465048,1694173458.946364500,1694173459.041390732,1694173459.141858359,1694173459.330091275
