taffo_start,init_start,vra_start,dta_start,conversion_start,backend_start,taffo_end
1694173456.130358976,1694173456.566915696,1694173456.664822000,1694173456.807407512,1694173456.903311055,1694173457.003133186,1694173457.187932096
