taffo_start,init_start,vra_start,dta_start,conversion_start,backend_start,taffo_end
1694173460.411411051,1694173460.857119877,1694173460.962587253,1694173461.106967336,1694173461.201735854,1694173461.303192146,1694173461.490117815
