taffo_start,init_start,vra_start,dta_start,conversion_start,backend_start,taffo_end
1694173445.385239415,1694173445.830622827,1694173445.928924876,1694173446.073416324,1694173446.168305560,1694173446.268564758,1694173446.452528318
