taffo_start,init_start,vra_start,dta_start,conversion_start,backend_start,taffo_end
1694173451.849240095,1694173452.284777510,1694173452.382366317,1694173452.523763079,1694173452.618044875,1694173452.718080259,1694173452.909173654
