taffo_start,init_start,vra_start,dta_start,conversion_start,backend_start,taffo_end
1694173447.518449313,1694173447.965377433,1694173448.064209686,1694173448.206874672,1694173448.300557601,1694173448.399691168,1694173448.583213938
