taffo_start,init_start,vra_start,dta_start,conversion_start,backend_start,taffo_end
1694173441.128510918,1694173441.564292393,1694173441.665978771,1694173441.808820391,1694173441.902788714,1694173442.003272379,1694173442.187007850
