taffo_start,init_start,vra_start,dta_start,conversion_start,backend_start,taffo_end
1694173443.256933872,1694173443.692207606,1694173443.790408334,1694173443.932790492,1694173444.027962042,1694173444.127718493,1694173444.312791065
