taffo_start,init_start,vra_start,dta_start,conversion_start,backend_start,taffo_end
1694173413.793080613,1694173414.229116611,1694173414.327284398,1694173414.474432401,1694173414.570648663,1694173414.670317252,1694173414.858589207
