taffo_start,init_start,vra_start,dta_start,conversion_start,backend_start,taffo_end
1694173396.573808697,1694173397.008412366,1694173397.106296142,1694173397.248902222,1694173397.348721553,1694173397.455137513,1694173397.639144542
