taffo_start,init_start,vra_start,dta_start,conversion_start,backend_start,taffo_end
1694173405.171972371,1694173405.620999983,1694173405.719613924,1694173405.871918511,1694173405.973873610,1694173406.074391538,1694173406.259231640
