taffo_start,init_start,vra_start,dta_start,conversion_start,backend_start,taffo_end
1694173398.707237576,1694173399.147705943,1694173399.246244064,1694173399.389084848,1694173399.484079529,1694173399.584970118,1694173399.768930904
