taffo_start,init_start,vra_start,dta_start,conversion_start,backend_start,taffo_end
1694173402.993131022,1694173403.475534272,1694173403.573944293,1694173403.716628811,1694173403.810543667,1694173403.910997382,1694173404.100248462
