taffo_start,init_start,vra_start,dta_start,conversion_start,backend_start,taffo_end
1694173400.856648914,1694173401.292983658,1694173401.391007374,1694173401.533924159,1694173401.629538347,1694173401.732429138,1694173401.918506094
