taffo_start,init_start,vra_start,dta_start,conversion_start,backend_start,taffo_end
1694173409.491036845,1694173409.926950089,1694173410.025666315,1694173410.167892945,1694173410.261902848,1694173410.367545350,1694173410.563210383
