taffo_start,init_start,vra_start,dta_start,conversion_start,backend_start,taffo_end
1694173394.426253517,1694173394.861246726,1694173394.961243018,1694173395.107356949,1694173395.201541896,1694173395.308976886,1694173395.493222067
