taffo_start,init_start,vra_start,dta_start,conversion_start,backend_start,taffo_end
1694173392.586690090,1694173393.009828756,1694173393.092797665,1694173393.200236734,1694173393.277365407,1694173393.356557835,1694173393.486847465
