taffo_start,init_start,vra_start,dta_start,conversion_start,backend_start,taffo_end
1694173411.637343922,1694173412.074233908,1694173412.173037677,1694173412.316286659,1694173412.411200603,1694173412.517528219,1694173412.705528809
