taffo_start,init_start,vra_start,dta_start,conversion_start,backend_start,taffo_end
1694173407.336820315,1694173407.788387436,1694173407.886827870,1694173408.030828309,1694173408.124839172,1694173408.226094374,1694173408.412203042
