var_scaling_factor,var_name,var_min,var_max,var_isnan,var_isinf
1024,A,0.000000,972.799988,0,0
1024,x1,0.000000,972.799988,0,0
1024,x2,0.000000,972.799988,0,0
1024,y_1,0.000000,972.799988,0,0
1024,y_2,0.000000,972.799988,0,0
1024,A,0.000000,972.799988,0,0
1024,x1,0.000000,5138892.500000,0,0
1024,x2,51.200001,5217177.500000,0,0
1024,y_1,0.000000,972.799988,0,0
1024,y_2,0.000000,972.799988,0,0
