taffo_start,init_start,vra_start,dta_start,conversion_start,backend_start,taffo_end
1694172937.405862841,1694172937.873757813,1694172938.001904516,1694172938.423059055,1694172938.547659066,1694172938.681831406,1694172938.969035681
