taffo_start,init_start,vra_start,dta_start,conversion_start,backend_start,taffo_end
1694172926.375437287,1694172926.824788849,1694172926.928588059,1694172927.278303753,1694172927.377547693,1694172927.483980840,1694172927.693134310
