taffo_start,init_start,vra_start,dta_start,conversion_start,backend_start,taffo_end
1694172951.660176882,1694172952.124334421,1694172952.250394458,1694172952.672414430,1694172952.796168922,1694172952.934740017,1694172953.198083810
