taffo_start,init_start,vra_start,dta_start,conversion_start,backend_start,taffo_end
1694172934.523728911,1694172934.985925376,1694172935.110162309,1694172935.542153466,1694172935.665746288,1694172935.804696455,1694172936.088991757
