taffo_start,init_start,vra_start,dta_start,conversion_start,backend_start,taffo_end
1694172928.826226464,1694172929.285572111,1694172929.411784812,1694172929.846252431,1694172929.969348025,1694172930.097411961,1694172930.369892627
