taffo_start,init_start,vra_start,dta_start,conversion_start,backend_start,taffo_end
1694172940.290705820,1694172940.761501754,1694172940.885982415,1694172941.306671324,1694172941.428937021,1694172941.560845458,1694172941.845975774
