taffo_start,init_start,vra_start,dta_start,conversion_start,backend_start,taffo_end
1694172943.163042536,1694172943.625570589,1694172943.751019089,1694172944.181773337,1694172944.305913307,1694172944.440931838,1694172944.698910852
