taffo_start,init_start,vra_start,dta_start,conversion_start,backend_start,taffo_end
1694172945.972512302,1694172946.435655229,1694172946.560521549,1694172946.982843194,1694172947.106487190,1694172947.244595555,1694172947.507435493
