taffo_start,init_start,vra_start,dta_start,conversion_start,backend_start,taffo_end
1694172931.663865585,1694172932.129929524,1694172932.254147317,1694172932.678045139,1694172932.799695994,1694172932.932446232,1694172933.210735655
