taffo_start,init_start,vra_start,dta_start,conversion_start,backend_start,taffo_end
1694172954.478760534,1694172954.942663987,1694172955.067587754,1694172955.489667784,1694172955.621260408,1694172955.759174740,1694172956.025161392
