taffo_start,init_start,vra_start,dta_start,conversion_start,backend_start,taffo_end
1694172948.799340022,1694172949.264168117,1694172949.392307281,1694172949.812741192,1694172949.969175321,1694172950.107788169,1694172950.373478959
