var_scaling_factor,var_name,var_min,var_max,var_isnan,var_isinf
4,tsteps,10.000000,10.000000,0,0
4,A,0.533333,60.266666,0,0
4,B,0.800000,64.266670,0,0
4,tsteps,10.000000,10.000000,0,0
4,A,0.533333,60.266666,0,0
4,B,0.800000,64.266670,0,0
