var_scaling_factor,var_name,var_min,var_max,var_isnan,var_isinf
32,alpha,1.500000,1.500000,0,0
32,beta,1.200000,1.200000,0,0
32,A,0.000000,28.000000,0,0
32,B,0.000000,28.799999,0,0
32,C,0.000000,29.714285,0,0
32,D,0.000000,29.333334,0,0
32,tmp,0.000000,0.000000,0,0
32,alpha,1.500000,1.500000,0,0
32,beta,1.200000,1.200000,0,0
32,A,0.000000,28.000000,0,0
32,B,0.000000,28.799999,0,0
32,C,0.000000,29.714285,0,0
32,D,17993.144531,628531.187500,0,0
32,tmp,0.000000,4723.199707,0,0
