taffo_start,init_start,vra_start,dta_start,conversion_start,backend_start,taffo_end
1694174487.590834311,1694174488.040829355,1694174488.129816595,1694174488.311642785,1694174488.399190401,1694174488.494515130,1694174488.665487423
