taffo_start,init_start,vra_start,dta_start,conversion_start,backend_start,taffo_end
1694174493.876280887,1694174494.308405207,1694174494.397751050,1694174494.582255075,1694174494.669205907,1694174494.762145076,1694174494.928687992
