taffo_start,init_start,vra_start,dta_start,conversion_start,backend_start,taffo_end
1694174504.374657238,1694174504.804997228,1694174504.894298212,1694174505.080000642,1694174505.166919363,1694174505.258581024,1694174505.431733616
