taffo_start,init_start,vra_start,dta_start,conversion_start,backend_start,taffo_end
1694174500.132600892,1694174500.581841921,1694174500.671414206,1694174500.855852842,1694174500.943724086,1694174501.036134111,1694174501.204524533
