taffo_start,init_start,vra_start,dta_start,conversion_start,backend_start,taffo_end
1694174485.736684558,1694174486.159363974,1694174486.237222392,1694174486.390251920,1694174486.467362072,1694174486.545345972,1694174486.670868324
