taffo_start,init_start,vra_start,dta_start,conversion_start,backend_start,taffo_end
1694174506.476190153,1694174506.907209686,1694174507.002703916,1694174507.184269836,1694174507.272157416,1694174507.364544687,1694174507.537016219
