taffo_start,init_start,vra_start,dta_start,conversion_start,backend_start,taffo_end
1694174498.038459037,1694174498.470524152,1694174498.560251193,1694174498.744334735,1694174498.833654567,1694174498.925287012,1694174499.093035372
