taffo_start,init_start,vra_start,dta_start,conversion_start,backend_start,taffo_end
1694174489.697590745,1694174490.132909456,1694174490.222411691,1694174490.403466242,1694174490.494137813,1694174490.603169188,1694174490.773160963
