taffo_start,init_start,vra_start,dta_start,conversion_start,backend_start,taffo_end
1694174491.800216357,1694174492.231368362,1694174492.320779970,1694174492.503691414,1694174492.591791585,1694174492.683343479,1694174492.851397728
