taffo_start,init_start,vra_start,dta_start,conversion_start,backend_start,taffo_end
1694174495.953128995,1694174496.384728556,1694174496.474714654,1694174496.654983662,1694174496.748570590,1694174496.840811905,1694174497.008803227
