taffo_start,init_start,vra_start,dta_start,conversion_start,backend_start,taffo_end
1694174502.228818716,1694174502.661553365,1694174502.751297365,1694174502.961100162,1694174503.060951221,1694174503.153626319,1694174503.321424512
