var_scaling_factor,var_name,var_min,var_max,var_isnan,var_isinf
256,A,256.000000,2092.159912,0,0
256,B,256.000000,2092.159912,0,0
256,b,1030.400024,1152.000000,0,0
256,x,0.000000,0.000000,0,0
256,y,0.000000,0.000000,0,0
256,A,0.100000,256.000092,0,0
256,B,256.000000,2092.159912,0,0
256,b,1030.400024,1152.000000,0,0
256,x,-0.037947,3.998521,0,0
256,y,6.400024,1030.400024,0,0
