var_scaling_factor,var_name,var_min,var_max,var_isnan,var_isinf
128,A,128.000000,1046.079956,0,0
128,B,128.000000,1046.079956,0,0
128,b,515.200012,576.000000,0,0
128,x,0.000000,0.000000,0,0
128,y,0.000000,0.000000,0,0
128,A,0.100000,128.000046,0,0
128,B,128.000000,1046.079956,0,0
128,b,515.200012,576.000000,0,0
128,x,-0.037947,3.998521,0,0
128,y,3.200012,515.200012,0,0
