var_scaling_factor,var_name,var_min,var_max,var_isnan,var_isinf
32,alpha,1.500000,1.500000,0,0
32,A,0.000000,32.000000,0,0
32,B,0.000000,30.000000,0,0
32,alpha,1.500000,1.500000,0,0
32,A,0.000000,32.000000,0,0
32,B,0.000000,5346.000000,0,0
