taffo_start,init_start,vra_start,dta_start,conversion_start,backend_start,taffo_end
1694172403.349629803,1694172403.793318467,1694172403.887289654,1694172404.031035973,1694172404.123726630,1694172404.219493961,1694172404.409037658
