taffo_start,init_start,vra_start,dta_start,conversion_start,backend_start,taffo_end
1694172409.782097780,1694172410.224952552,1694172410.319559679,1694172410.462088735,1694172410.570464714,1694172410.669876645,1694172410.858286942
