taffo_start,init_start,vra_start,dta_start,conversion_start,backend_start,taffo_end
1694172407.630093412,1694172408.084470668,1694172408.177666238,1694172408.319392526,1694172408.411527285,1694172408.506900358,1694172408.695838855
