taffo_start,init_start,vra_start,dta_start,conversion_start,backend_start,taffo_end
1694172405.492489936,1694172405.937833100,1694172406.032424820,1694172406.174918079,1694172406.267733557,1694172406.362717192,1694172406.552046213
