taffo_start,init_start,vra_start,dta_start,conversion_start,backend_start,taffo_end
1694172399.064718365,1694172399.502663131,1694172399.596182264,1694172399.743514954,1694172399.837044112,1694172399.935990033,1694172400.124476034
