taffo_start,init_start,vra_start,dta_start,conversion_start,backend_start,taffo_end
1694172414.113348261,1694172414.550191479,1694172414.643363142,1694172414.785238839,1694172414.878615251,1694172414.973972725,1694172415.167128702
