taffo_start,init_start,vra_start,dta_start,conversion_start,backend_start,taffo_end
1694172401.211895982,1694172401.648241508,1694172401.746741760,1694172401.888565123,1694172401.981998419,1694172402.077434588,1694172402.268317260
