taffo_start,init_start,vra_start,dta_start,conversion_start,backend_start,taffo_end
1694172395.023179837,1694172395.443838245,1694172395.536439014,1694172395.651751576,1694172395.729111193,1694172395.807697133,1694172395.950605408
