taffo_start,init_start,vra_start,dta_start,conversion_start,backend_start,taffo_end
1694172396.916114282,1694172397.349018272,1694172397.443708873,1694172397.588859260,1694172397.691725098,1694172397.789362760,1694172397.985979563
