taffo_start,init_start,vra_start,dta_start,conversion_start,backend_start,taffo_end
1694172411.940154363,1694172412.417037692,1694172412.510678287,1694172412.652140869,1694172412.744073477,1694172412.840861748,1694172413.035485155
