taffo_start,init_start,vra_start,dta_start,conversion_start,backend_start,taffo_end
1694172416.259218115,1694172416.694730277,1694172416.787879391,1694172416.929634616,1694172417.021879428,1694172417.117867079,1694172417.309527803
