taffo_start,init_start,vra_start,dta_start,conversion_start,backend_start,taffo_end
1721160160.999711976,1721160161.426006673,1721160161.512481014,1721160161.705162045,1721160161.793272434,1721160161.886226836,1721160162.051441368
