taffo_start,init_start,vra_start,dta_start,conversion_start,backend_start,taffo_end
1721160140.326931249,1721160140.736212271,1721160140.813822152,1721160140.980779311,1721160141.057991764,1721160141.138590328,1721160141.264932548
