taffo_start,init_start,vra_start,dta_start,conversion_start,backend_start,taffo_end
1721160145.149818851,1721160145.574403795,1721160145.659474548,1721160145.859474003,1721160145.947167857,1721160146.042195368,1721160146.210751777
