taffo_start,init_start,vra_start,dta_start,conversion_start,backend_start,taffo_end
1721160142.911095617,1721160143.420784808,1721160143.509411530,1721160143.703303649,1721160143.796416679,1721160143.889191420,1721160144.054578249
