taffo_start,init_start,vra_start,dta_start,conversion_start,backend_start,taffo_end
1721160155.926801828,1721160156.352294660,1721160156.437113821,1721160156.692831875,1721160156.852712387,1721160157.155463412,1721160157.536518113
