taffo_start,init_start,vra_start,dta_start,conversion_start,backend_start,taffo_end
1721160147.297620205,1721160147.722037453,1721160147.814500537,1721160148.016396413,1721160148.104896717,1721160148.197440679,1721160148.362884675
