taffo_start,init_start,vra_start,dta_start,conversion_start,backend_start,taffo_end
1721160163.196458204,1721160163.643032653,1721160163.728467200,1721160163.923023885,1721160164.011776055,1721160164.108603938,1721160164.274232610
