taffo_start,init_start,vra_start,dta_start,conversion_start,backend_start,taffo_end
1721160153.779971258,1721160154.210407057,1721160154.295551165,1721160154.489243556,1721160154.577886649,1721160154.670220548,1721160154.835412143
