taffo_start,init_start,vra_start,dta_start,conversion_start,backend_start,taffo_end
1721160151.608578403,1721160152.036735347,1721160152.122172458,1721160152.316603104,1721160152.404901618,1721160152.504171467,1721160152.671431060
