taffo_start,init_start,vra_start,dta_start,conversion_start,backend_start,taffo_end
1721160158.845576150,1721160159.272457545,1721160159.357746347,1721160159.551895441,1721160159.640181649,1721160159.733462179,1721160159.901840183
