taffo_start,init_start,vra_start,dta_start,conversion_start,backend_start,taffo_end
1721160149.451575486,1721160149.882128623,1721160149.968054947,1721160150.161693367,1721160150.249540566,1721160150.342118227,1721160150.508956611
