var_scaling_factor,var_name,var_min,var_max,var_isnan,var_isinf
2,alpha,1.500000,1.500000,0,0
2,beta,1.200000,1.200000,0,0
2,C,0.000000,1.800000,0,0
2,A,0.000000,1.875000,0,0
2,B,0.000000,1.833333,0,0
2,alpha,1.500000,1.500000,0,0
2,beta,1.200000,1.200000,0,0
2,C,0.240000,26.920000,0,0
2,A,0.000000,1.875000,0,0
2,B,0.000000,1.833333,0,0
