var_scaling_factor,var_name,var_min,var_max,var_isnan,var_isinf
2,A,2.000000,16.344999,0,0
2,B,2.000000,16.344999,0,0
2,b,8.050000,9.000000,0,0
2,x,0.000000,0.000000,0,0
2,y,0.000000,0.000000,0,0
2,A,0.100000,2.000001,0,0
2,B,2.000000,16.344999,0,0
2,b,8.050000,9.000000,0,0
2,x,-0.037947,3.998521,0,0
2,y,0.050000,8.050000,0,0
