var_scaling_factor,var_name,var_min,var_max,var_isnan,var_isinf
8,A,0.000000,7.636364,0,0
8,s,0.000000,0.000000,0,0
8,q,0.000000,0.000000,0,0
8,p,0.000000,7.600000,0,0
8,r,0.000000,7.636364,0,0
8,A,0.000000,7.636364,0,0
8,s,176.000000,437.818207,0,0
8,q,0.000000,386.909088,0,0
8,p,0.000000,7.600000,0,0
8,r,0.000000,7.636364,0,0
