var_scaling_factor,var_name,var_min,var_max,var_isnan,var_isinf
32,alpha,1.500000,1.500000,0,0
32,beta,1.200000,1.200000,0,0
32,C,0.000000,28.799999,0,0
32,A,0.000000,30.000000,0,0
32,alpha,1.500000,1.500000,0,0
32,beta,1.200000,1.200000,0,0
32,C,0.000000,6632.879883,0,0
32,A,0.000000,30.000000,0,0
