var_scaling_factor,var_name,var_min,var_max,var_isnan,var_isinf
32,A,0.000000,30.400000,0,0
32,x1,0.000000,30.400000,0,0
32,x2,0.000000,30.400000,0,0
32,y_1,0.000000,30.400000,0,0
32,y_2,0.000000,30.400000,0,0
32,A,0.000000,30.400000,0,0
32,x1,0.000000,5044.800293,0,0
32,x2,1.600000,5110.399902,0,0
32,y_1,0.000000,30.400000,0,0
32,y_2,0.000000,30.400000,0,0
