taffo_start,init_start,vra_start,dta_start,conversion_start,backend_start,taffo_end
1694171378.883995922,1694171379.352855615,1694171379.485713365,1694171379.772596697,1694171379.900344509,1694171380.032584517,1694171380.263914001
