taffo_start,init_start,vra_start,dta_start,conversion_start,backend_start,taffo_end
1694171358.508325795,1694171358.971414426,1694171359.109909474,1694171359.396891303,1694171359.522733980,1694171359.638208224,1694171359.837351386
