taffo_start,init_start,vra_start,dta_start,conversion_start,backend_start,taffo_end
1694171360.980968877,1694171361.449988316,1694171361.581035944,1694171361.863848948,1694171361.991703625,1694171362.116571106,1694171362.331991858
