taffo_start,init_start,vra_start,dta_start,conversion_start,backend_start,taffo_end
1694171376.290153333,1694171376.754410209,1694171376.885753735,1694171377.171256882,1694171377.301008455,1694171377.429801758,1694171377.694380937
