taffo_start,init_start,vra_start,dta_start,conversion_start,backend_start,taffo_end
1694171381.474521672,1694171381.947503006,1694171382.079178539,1694171382.375336470,1694171382.504413887,1694171382.635855636,1694171382.869377822
