taffo_start,init_start,vra_start,dta_start,conversion_start,backend_start,taffo_end
1694171363.493436138,1694171363.952597394,1694171364.087401184,1694171364.373515290,1694171364.503179248,1694171364.630373203,1694171364.854329298
