taffo_start,init_start,vra_start,dta_start,conversion_start,backend_start,taffo_end
1694171373.719325241,1694171374.180688602,1694171374.313524164,1694171374.597437784,1694171374.726123976,1694171374.853673029,1694171375.079578290
