taffo_start,init_start,vra_start,dta_start,conversion_start,backend_start,taffo_end
1694171366.052258211,1694171366.514515611,1694171366.645377980,1694171366.929888600,1694171367.059973965,1694171367.188535750,1694171367.417197541
