taffo_start,init_start,vra_start,dta_start,conversion_start,backend_start,taffo_end
1694171356.322680137,1694171356.766040820,1694171356.877030669,1694171357.100102219,1694171357.206196752,1694171357.309819124,1694171357.474010019
