taffo_start,init_start,vra_start,dta_start,conversion_start,backend_start,taffo_end
1694171371.169977285,1694171371.636185478,1694171371.768069376,1694171372.053501250,1694171372.182404730,1694171372.310951434,1694171372.535005213
