taffo_start,init_start,vra_start,dta_start,conversion_start,backend_start,taffo_end
1694171368.602045332,1694171369.064105331,1694171369.196156943,1694171369.483866468,1694171369.614350743,1694171369.742216292,1694171369.967519603
