var_scaling_factor,var_name,var_min,var_max,var_isnan,var_isinf
16,A,0.000000,15.272727,0,0
16,s,0.000000,0.000000,0,0
16,q,0.000000,0.000000,0,0
16,p,0.000000,15.200000,0,0
16,r,0.000000,15.272727,0,0
16,A,0.000000,15.272727,0,0
16,s,704.000000,1751.272827,0,0
16,q,0.000000,1547.636353,0,0
16,p,0.000000,15.200000,0,0
16,r,0.000000,15.272727,0,0
