var_scaling_factor,var_name,var_min,var_max,var_isnan,var_isinf
128,E,0.000000,0.000000,0,0
128,A,0.000000,21.333334,0,0
128,B,0.000000,22.400000,0,0
128,F,0.000000,0.000000,0,0
128,C,0.000000,23.466667,0,0
128,D,0.000000,23.040001,0,0
128,G,0.000000,0.000000,0,0
128,E,273.066681,1774.933472,0,0
128,A,0.000000,21.333334,0,0
128,B,0.000000,22.400000,0,0
128,F,0.000000,2097.152100,0,0
128,C,0.000000,23.466667,0,0
128,D,0.000000,23.040001,0,0
128,G,2103937.750000,14571572.000000,0,0
