var_scaling_factor,var_name,var_min,var_max,var_isnan,var_isinf
512,alpha,1.500000,1.500000,0,0
512,beta,1.200000,1.200000,0,0
512,C,0.000000,1228.800049,0,0
512,A,-511488.000000,921.599976,0,0
512,B,51.200001,1280.000000,0,0
512,alpha,1.500000,1.500000,0,0
512,beta,1.200000,1.200000,0,0
512,C,1298534.375000,11207209.000000,0,0
512,A,-511488.000000,921.599976,0,0
512,B,51.200001,1280.000000,0,0
