var_scaling_factor,var_name,var_min,var_max,var_isnan,var_isinf
64,alpha,1.500000,1.500000,0,0
64,beta,1.200000,1.200000,0,0
64,A,0.000000,60.000000,0,0
64,B,0.000000,60.000000,0,0
64,tmp,0.000000,0.000000,0,0
64,x,0.000000,60.000000,0,0
64,y,0.000000,0.000000,0,0
64,alpha,1.500000,1.500000,0,0
64,beta,1.200000,1.200000,0,0
64,A,0.000000,60.000000,0,0
64,B,0.000000,60.000000,0,0
64,tmp,1920.000000,18048.000000,0,0
64,x,0.000000,60.000000,0,0
64,y,7488.000000,46387.203125,0,0
