var_scaling_factor,var_name,var_min,var_max,var_isnan,var_isinf
256,tsteps,10.000000,10.000000,0,0
256,A,34.133335,3857.066650,0,0
256,B,51.200001,4113.066895,0,0
256,tsteps,10.000000,10.000000,0,0
256,A,34.133335,3857.066650,0,0
256,B,51.200001,4113.066895,0,0
