taffo_start,init_start,vra_start,dta_start,conversion_start,backend_start,taffo_end
1694173646.457364858,1694173646.899764886,1694173646.999209677,1694173647.224545144,1694173647.323879726,1694173647.429149286,1694173647.629595897
