taffo_start,init_start,vra_start,dta_start,conversion_start,backend_start,taffo_end
1694173651.061630874,1694173651.500215548,1694173651.599706187,1694173651.813343544,1694173651.911442732,1694173652.016842814,1694173652.224405344
