taffo_start,init_start,vra_start,dta_start,conversion_start,backend_start,taffo_end
1694173630.548097889,1694173630.990581992,1694173631.090712709,1694173631.306246984,1694173631.404617101,1694173631.509571377,1694173631.709340955
