taffo_start,init_start,vra_start,dta_start,conversion_start,backend_start,taffo_end
1694173641.914692883,1694173642.359581118,1694173642.458890163,1694173642.683221888,1694173642.788698133,1694173642.893323753,1694173643.089552854
