taffo_start,init_start,vra_start,dta_start,conversion_start,backend_start,taffo_end
1694173628.566869814,1694173628.990594688,1694173629.077590948,1694173629.256069457,1694173629.339652972,1694173629.424794267,1694173629.566501680
