taffo_start,init_start,vra_start,dta_start,conversion_start,backend_start,taffo_end
1694173644.187887252,1694173644.628366086,1694173644.730671530,1694173644.945792543,1694173645.044504301,1694173645.151073242,1694173645.345764887
