taffo_start,init_start,vra_start,dta_start,conversion_start,backend_start,taffo_end
1694173632.867254803,1694173633.321668135,1694173633.422427907,1694173633.635155438,1694173633.733328702,1694173633.837976500,1694173634.031837910
