taffo_start,init_start,vra_start,dta_start,conversion_start,backend_start,taffo_end
1694173639.653576939,1694173640.095886462,1694173640.197654056,1694173640.411727058,1694173640.510322239,1694173640.626124437,1694173640.820014235
