taffo_start,init_start,vra_start,dta_start,conversion_start,backend_start,taffo_end
1694173637.385855539,1694173637.833772996,1694173637.934177567,1694173638.153583777,1694173638.252808278,1694173638.358255962,1694173638.550583805
