taffo_start,init_start,vra_start,dta_start,conversion_start,backend_start,taffo_end
1694173648.749623188,1694173649.191345991,1694173649.291846401,1694173649.505322165,1694173649.603962167,1694173649.709121212,1694173649.909590622
