taffo_start,init_start,vra_start,dta_start,conversion_start,backend_start,taffo_end
1694173635.127577529,1694173635.575664443,1694173635.676540361,1694173635.890727058,1694173635.991332519,1694173636.099209840,1694173636.292913003
