var_scaling_factor,var_name,var_min,var_max,var_isnan,var_isinf
1,A,0.000000,0.950000,0,0
1,x1,0.000000,0.950000,0,0
1,x2,0.000000,0.950000,0,0
1,y_1,0.000000,0.950000,0,0
1,y_2,0.000000,0.950000,0,0
1,A,0.000000,0.950000,0,0
1,x1,0.000000,5.750000,0,0
1,x2,0.050000,5.675000,0,0
1,y_1,0.000000,0.950000,0,0
1,y_2,0.000000,0.950000,0,0
