var_scaling_factor,var_name,var_min,var_max,var_isnan,var_isinf
64,A,0.000000,60.799999,0,0
64,x1,0.000000,60.799999,0,0
64,x2,0.000000,60.799999,0,0
64,y_1,0.000000,60.799999,0,0
64,y_2,0.000000,60.799999,0,0
64,A,0.000000,60.799999,0,0
64,x1,0.000000,20124.798828,0,0
64,x2,3.200000,20409.599609,0,0
64,y_1,0.000000,60.799999,0,0
64,y_2,0.000000,60.799999,0,0
