var_scaling_factor,var_name,var_min,var_max,var_isnan,var_isinf
4,A,0.000000,3.818182,0,0
4,s,0.000000,0.000000,0,0
4,q,0.000000,0.000000,0,0
4,p,0.000000,3.800000,0,0
4,r,0.000000,3.818182,0,0
4,A,0.000000,3.818182,0,0
4,s,44.000000,109.454552,0,0
4,q,0.000000,96.727272,0,0
4,p,0.000000,3.800000,0,0
4,r,0.000000,3.818182,0,0
