var_scaling_factor,var_name,var_min,var_max,var_isnan,var_isinf
1,A,0.000000,0.954545,0,0
1,s,0.000000,0.000000,0,0
1,q,0.000000,0.000000,0,0
1,p,0.000000,0.950000,0,0
1,r,0.000000,0.954545,0,0
1,A,0.000000,0.954545,0,0
1,s,2.750000,6.840909,0,0
1,q,0.000000,6.045455,0,0
1,p,0.000000,0.950000,0,0
1,r,0.000000,0.954545,0,0
