var_scaling_factor,var_name,var_min,var_max,var_isnan,var_isinf
32,tsteps,10.000000,10.000000,0,0
32,A,4.266667,34.133335,0,0
32,B,6.400000,36.266666,0,0
32,tsteps,10.000000,10.000000,0,0
32,A,4.266667,34.133335,0,0
32,B,6.400000,36.266666,0,0
