var_scaling_factor,var_name,var_min,var_max,var_isnan,var_isinf
32,A,0.000000,6.720000,0,0
32,x,32.000000,62.545456,0,0
32,y,0.000000,0.000000,0,0
32,tmp,0.000000,0.000000,0,0
32,A,0.000000,6.720000,0,0
32,x,32.000000,62.545456,0,0
32,y,207634.437500,252035.078125,0,0
32,tmp,3287.039795,3906.560059,0,0
