taffo_start,init_start,vra_start,dta_start,conversion_start,backend_start,taffo_end
1721160366.006630396,1721160366.441960738,1721160366.522482175,1721160366.738637177,1721160366.818045272,1721160366.899581467,1721160367.049578092
