taffo_start,init_start,vra_start,dta_start,conversion_start,backend_start,taffo_end
1721160372.855023001,1721160373.294476538,1721160373.379222926,1721160373.588503383,1721160373.679326767,1721160373.771483201,1721160373.927053908
