taffo_start,init_start,vra_start,dta_start,conversion_start,backend_start,taffo_end
1721160370.171601315,1721160370.589766972,1721160370.670028179,1721160370.891798720,1721160371.035686210,1721160371.173374532,1721160371.434171931
