taffo_start,init_start,vra_start,dta_start,conversion_start,backend_start,taffo_end
1721160350.998961331,1721160351.404461509,1721160351.475603002,1721160351.673256801,1721160351.746330273,1721160351.818184291,1721160351.935391275
