taffo_start,init_start,vra_start,dta_start,conversion_start,backend_start,taffo_end
1721160361.868029935,1721160362.285656628,1721160362.365413066,1721160362.576535816,1721160362.656126689,1721160362.738321493,1721160362.887843731
