taffo_start,init_start,vra_start,dta_start,conversion_start,backend_start,taffo_end
1721160359.796960466,1721160360.216405035,1721160360.296549580,1721160360.505203653,1721160360.588771932,1721160360.671317368,1721160360.823550092
