taffo_start,init_start,vra_start,dta_start,conversion_start,backend_start,taffo_end
1721160352.908179672,1721160353.327757671,1721160353.408638408,1721160353.618772695,1721160353.702353512,1721160353.783762745,1721160353.933668048
