taffo_start,init_start,vra_start,dta_start,conversion_start,backend_start,taffo_end
1721160368.094503333,1721160368.519123796,1721160368.599421799,1721160368.810516579,1721160368.889915464,1721160368.972121715,1721160369.123428006
