taffo_start,init_start,vra_start,dta_start,conversion_start,backend_start,taffo_end
1721160354.978660272,1721160355.400458715,1721160355.480408871,1721160355.697053620,1721160355.776363474,1721160355.882310763,1721160356.222612482
