taffo_start,init_start,vra_start,dta_start,conversion_start,backend_start,taffo_end
1721160363.932760325,1721160364.351149412,1721160364.431176437,1721160364.639930569,1721160364.722272050,1721160364.804544409,1721160364.954598618
