taffo_start,init_start,vra_start,dta_start,conversion_start,backend_start,taffo_end
1721160357.728095255,1721160358.148723307,1721160358.229950472,1721160358.438961776,1721160358.518308612,1721160358.600750770,1721160358.753695334
