taffo_start,init_start,vra_start,dta_start,conversion_start,backend_start,taffo_end
1694174450.223358751,1694174450.664654068,1694174450.754060775,1694174450.934311388,1694174451.022194124,1694174451.114920928,1694174451.283632839
