taffo_start,init_start,vra_start,dta_start,conversion_start,backend_start,taffo_end
1694174446.012108001,1694174446.463041011,1694174446.555169847,1694174446.739288813,1694174446.826498569,1694174446.917970731,1694174447.085508158
