taffo_start,init_start,vra_start,dta_start,conversion_start,backend_start,taffo_end
1694174443.915538999,1694174444.348640720,1694174444.438242730,1694174444.619159318,1694174444.710767563,1694174444.803267689,1694174444.970572175
