taffo_start,init_start,vra_start,dta_start,conversion_start,backend_start,taffo_end
1694174439.953804636,1694174440.370389824,1694174440.451243363,1694174440.616439130,1694174440.692412793,1694174440.769596873,1694174440.894380324
