taffo_start,init_start,vra_start,dta_start,conversion_start,backend_start,taffo_end
1694174448.127991089,1694174448.559671603,1694174448.649325908,1694174448.831000050,1694174448.925049265,1694174449.016722998,1694174449.184403761
