taffo_start,init_start,vra_start,dta_start,conversion_start,backend_start,taffo_end
1694174460.732655161,1694174461.166031093,1694174461.254860407,1694174461.436481832,1694174461.525100813,1694174461.616839860,1694174461.789179008
