taffo_start,init_start,vra_start,dta_start,conversion_start,backend_start,taffo_end
1694174441.823649450,1694174442.254205578,1694174442.345093416,1694174442.526120004,1694174442.613280950,1694174442.705688066,1694174442.876111376
