taffo_start,init_start,vra_start,dta_start,conversion_start,backend_start,taffo_end
1694174454.410988809,1694174454.845415351,1694174454.935528159,1694174455.115587050,1694174455.203713697,1694174455.296990651,1694174455.464012712
