taffo_start,init_start,vra_start,dta_start,conversion_start,backend_start,taffo_end
1694174452.320971294,1694174452.752899659,1694174452.842611706,1694174453.022800790,1694174453.110364221,1694174453.205803326,1694174453.373006219
