taffo_start,init_start,vra_start,dta_start,conversion_start,backend_start,taffo_end
1694174458.595967186,1694174459.029287176,1694174459.119122626,1694174459.302124409,1694174459.389679179,1694174459.481807142,1694174459.654316390
