taffo_start,init_start,vra_start,dta_start,conversion_start,backend_start,taffo_end
1694174456.500593767,1694174456.931126515,1694174457.020558682,1694174457.204123631,1694174457.292892703,1694174457.384864348,1694174457.552168443
