var_scaling_factor,var_name,var_min,var_max,var_isnan,var_isinf
1024,A,0.000000,977.454529,0,0
1024,s,0.000000,0.000000,0,0
1024,q,0.000000,0.000000,0,0
1024,p,0.000000,972.799988,0,0
1024,r,0.000000,977.454529,0,0
1024,A,0.000000,977.454529,0,0
1024,s,2883584.000000,7173213.500000,0,0
1024,q,0.000000,6339118.500000,0,0
1024,p,0.000000,972.799988,0,0
1024,r,0.000000,977.454529,0,0
