taffo_start,init_start,vra_start,dta_start,conversion_start,backend_start,taffo_end
1694172638.568671631,1694172639.005563491,1694172639.102034531,1694172639.304353263,1694172639.400591150,1694172639.499638505,1694172639.679759284
