taffo_start,init_start,vra_start,dta_start,conversion_start,backend_start,taffo_end
1694172642.954641119,1694172643.392976116,1694172643.489136823,1694172643.692277032,1694172643.788413869,1694172643.886929533,1694172644.068284239
