taffo_start,init_start,vra_start,dta_start,conversion_start,backend_start,taffo_end
1694172647.349055751,1694172647.793971855,1694172647.893264836,1694172648.095133534,1694172648.191695348,1694172648.291589060,1694172648.477128393
