taffo_start,init_start,vra_start,dta_start,conversion_start,backend_start,taffo_end
1694172627.829222031,1694172628.259225867,1694172628.342231761,1694172628.508674173,1694172628.590239897,1694172628.672732587,1694172628.809359561
