taffo_start,init_start,vra_start,dta_start,conversion_start,backend_start,taffo_end
1694172636.378486808,1694172636.816496454,1694172636.913200479,1694172637.117322708,1694172637.216645627,1694172637.314711314,1694172637.495330785
