taffo_start,init_start,vra_start,dta_start,conversion_start,backend_start,taffo_end
1694172634.170931974,1694172634.609035242,1694172634.707146446,1694172634.908757693,1694172635.005494020,1694172635.103806689,1694172635.293589111
