taffo_start,init_start,vra_start,dta_start,conversion_start,backend_start,taffo_end
1694172629.771608344,1694172630.222484481,1694172630.324011119,1694172630.536307667,1694172630.633448593,1694172630.732570314,1694172630.914783547
