taffo_start,init_start,vra_start,dta_start,conversion_start,backend_start,taffo_end
1694172649.559760465,1694172649.998995983,1694172650.095941742,1694172650.299332870,1694172650.400996203,1694172650.508199705,1694172650.692783799
