taffo_start,init_start,vra_start,dta_start,conversion_start,backend_start,taffo_end
1694172645.132041706,1694172645.597420875,1694172645.695026888,1694172645.896363712,1694172645.993071237,1694172646.092541201,1694172646.273864925
