taffo_start,init_start,vra_start,dta_start,conversion_start,backend_start,taffo_end
1694172631.978037525,1694172632.429426491,1694172632.525787826,1694172632.727344898,1694172632.824543758,1694172632.923890960,1694172633.105217200
