taffo_start,init_start,vra_start,dta_start,conversion_start,backend_start,taffo_end
1694172640.769521594,1694172641.204960472,1694172641.303360392,1694172641.506421481,1694172641.602561731,1694172641.701041099,1694172641.881864041
