var_scaling_factor,var_name,var_min,var_max,var_isnan,var_isinf
32,alpha,1.500000,1.500000,0,0
32,beta,1.200000,1.200000,0,0
32,A,0.000000,30.000000,0,0
32,B,0.000000,30.000000,0,0
32,tmp,0.000000,0.000000,0,0
32,x,0.000000,30.000000,0,0
32,y,0.000000,0.000000,0,0
32,alpha,1.500000,1.500000,0,0
32,beta,1.200000,1.200000,0,0
32,A,0.000000,30.000000,0,0
32,B,0.000000,30.000000,0,0
32,tmp,480.000000,4512.000000,0,0
32,x,0.000000,30.000000,0,0
32,y,1872.000000,11596.800781,0,0
