var_scaling_factor,var_name,var_min,var_max,var_isnan,var_isinf
512,A,0.000000,107.519997,0,0
512,x,512.000000,1000.727295,0,0
512,y,0.000000,0.000000,0,0
512,tmp,0.000000,0.000000,0,0
512,A,0.000000,107.519997,0,0
512,x,512.000000,1000.727295,0,0
512,y,850470656.000000,1032335680.000000,0,0
512,tmp,841482.187500,1000079.375000,0,0
