var_scaling_factor,var_name,var_min,var_max,var_isnan,var_isinf
16,A,16.000000,130.759995,0,0
16,B,16.000000,130.759995,0,0
16,b,64.400002,72.000000,0,0
16,x,0.000000,0.000000,0,0
16,y,0.000000,0.000000,0,0
16,A,0.100000,16.000006,0,0
16,B,16.000000,130.759995,0,0
16,b,64.400002,72.000000,0,0
16,x,-0.037947,3.998521,0,0
16,y,0.400002,64.400002,0,0
