taffo_start,init_start,vra_start,dta_start,conversion_start,backend_start,taffo_end
1721159793.692750431,1721159794.165024284,1721159794.272060469,1721159794.689289556,1721159794.840178129,1721159794.955553915,1721159795.267888552
