taffo_start,init_start,vra_start,dta_start,conversion_start,backend_start,taffo_end
1721159784.807154784,1721159785.395408760,1721159785.499337289,1721159785.902897487,1721159786.010407860,1721159786.117259465,1721159786.296792589
