taffo_start,init_start,vra_start,dta_start,conversion_start,backend_start,taffo_end
1721159799.474597087,1721159799.924641307,1721159800.029167120,1721159800.476549717,1721159800.580156385,1721159800.685447012,1721159800.867235994
