taffo_start,init_start,vra_start,dta_start,conversion_start,backend_start,taffo_end
1721159806.949048363,1721159807.387324728,1721159807.489930506,1721159807.892219682,1721159807.996586027,1721159808.101979999,1721159808.283860597
