taffo_start,init_start,vra_start,dta_start,conversion_start,backend_start,taffo_end
1721159801.998213036,1721159802.444759817,1721159802.547676792,1721159802.947848856,1721159803.052849329,1721159803.158824971,1721159803.337371594
