taffo_start,init_start,vra_start,dta_start,conversion_start,backend_start,taffo_end
1721159787.448735555,1721159787.907007284,1721159788.033466607,1721159788.662819117,1721159788.842556901,1721159789.062777340,1721159789.446885392
