taffo_start,init_start,vra_start,dta_start,conversion_start,backend_start,taffo_end
1721159809.414340903,1721159809.855304015,1721159809.957872260,1721159810.365903435,1721159810.470453164,1721159810.575888046,1721159810.754610507
