taffo_start,init_start,vra_start,dta_start,conversion_start,backend_start,taffo_end
1721159790.853202681,1721159791.405309783,1721159791.519646038,1721159791.938370038,1721159792.051046498,1721159792.157332003,1721159792.337189156
