taffo_start,init_start,vra_start,dta_start,conversion_start,backend_start,taffo_end
1721159782.004261592,1721159782.430072824,1721159782.521960250,1721159782.888000016,1721159782.983877921,1721159783.078983530,1721159783.224264411
