taffo_start,init_start,vra_start,dta_start,conversion_start,backend_start,taffo_end
1721159796.992444977,1721159797.431548662,1721159797.534182575,1721159797.933383667,1721159798.040159091,1721159798.146611982,1721159798.326262303
