taffo_start,init_start,vra_start,dta_start,conversion_start,backend_start,taffo_end
1721159804.476319597,1721159804.916231608,1721159805.019042506,1721159805.422449721,1721159805.528135251,1721159805.633142148,1721159805.811777220
