taffo_start,init_start,vra_start,dta_start,conversion_start,backend_start,taffo_end
1694171335.759988726,1694171336.221464667,1694171336.352993947,1694171336.637578189,1694171336.766130382,1694171336.894360441,1694171337.122666909
