taffo_start,init_start,vra_start,dta_start,conversion_start,backend_start,taffo_end
1694171328.507262989,1694171328.958776968,1694171329.075892804,1694171329.299410075,1694171329.404554878,1694171329.507059553,1694171329.671678905
