taffo_start,init_start,vra_start,dta_start,conversion_start,backend_start,taffo_end
1694171333.204576850,1694171333.666109014,1694171333.797599539,1694171334.083265699,1694171334.211907705,1694171334.336228973,1694171334.568856071
