taffo_start,init_start,vra_start,dta_start,conversion_start,backend_start,taffo_end
1694171351.144604528,1694171351.603923006,1694171351.735639775,1694171352.021454471,1694171352.150590003,1694171352.282448690,1694171352.511997837
