taffo_start,init_start,vra_start,dta_start,conversion_start,backend_start,taffo_end
1694171345.982315259,1694171346.446505687,1694171346.578476972,1694171346.864045178,1694171346.997080106,1694171347.126724840,1694171347.367911879
