taffo_start,init_start,vra_start,dta_start,conversion_start,backend_start,taffo_end
1694171330.716521811,1694171331.204833368,1694171331.338023833,1694171331.624070676,1694171331.751526918,1694171331.867404332,1694171332.071792873
