taffo_start,init_start,vra_start,dta_start,conversion_start,backend_start,taffo_end
1694171348.566087870,1694171349.035718049,1694171349.166543594,1694171349.451813206,1694171349.580356097,1694171349.707987633,1694171349.934173200
