taffo_start,init_start,vra_start,dta_start,conversion_start,backend_start,taffo_end
1694171338.306898650,1694171338.769343615,1694171338.900685966,1694171339.194144586,1694171339.323633909,1694171339.451607852,1694171339.676871948
