taffo_start,init_start,vra_start,dta_start,conversion_start,backend_start,taffo_end
1694171340.858963030,1694171341.326486823,1694171341.458266708,1694171341.743469087,1694171341.872699538,1694171342.001122533,1694171342.227346413
