taffo_start,init_start,vra_start,dta_start,conversion_start,backend_start,taffo_end
1694171353.719731907,1694171354.189840098,1694171354.323589876,1694171354.607659124,1694171354.736234926,1694171354.868258398,1694171355.108151532
