taffo_start,init_start,vra_start,dta_start,conversion_start,backend_start,taffo_end
1694171343.410467310,1694171343.871731777,1694171344.004458449,1694171344.290673163,1694171344.418909183,1694171344.546380727,1694171344.771958503
