var_scaling_factor,var_name,var_min,var_max,var_isnan,var_isinf
64,alpha,1.500000,1.500000,0,0
64,beta,1.200000,1.200000,0,0
64,C,0.000000,96.000000,0,0
64,A,0.000000,60.000000,0,0
64,B,0.000000,57.599998,0,0
64,alpha,1.500000,1.500000,0,0
64,beta,1.200000,1.200000,0,0
64,C,0.000000,31779.837891,0,0
64,A,0.000000,60.000000,0,0
64,B,0.000000,57.599998,0,0
