taffo_start,init_start,vra_start,dta_start,conversion_start,backend_start,taffo_end
1694171898.472621299,1694171898.908591241,1694171899.006796470,1694171899.158456868,1694171899.252725853,1694171899.350297945,1694171899.529829575
