taffo_start,init_start,vra_start,dta_start,conversion_start,backend_start,taffo_end
1694171911.297707767,1694171911.735529607,1694171911.832089175,1694171911.986143663,1694171912.079963051,1694171912.177325736,1694171912.360161721
