taffo_start,init_start,vra_start,dta_start,conversion_start,backend_start,taffo_end
1694171902.739824185,1694171903.179213092,1694171903.275801947,1694171903.427495482,1694171903.520984619,1694171903.617587100,1694171903.797169473
