taffo_start,init_start,vra_start,dta_start,conversion_start,backend_start,taffo_end
1694171900.608150880,1694171901.051782518,1694171901.148088928,1694171901.300897628,1694171901.395483303,1694171901.491892206,1694171901.672891570
