taffo_start,init_start,vra_start,dta_start,conversion_start,backend_start,taffo_end
1694171892.319725019,1694171892.741101324,1694171892.822908041,1694171892.959311587,1694171893.037917763,1694171893.118591994,1694171893.252692397
