taffo_start,init_start,vra_start,dta_start,conversion_start,backend_start,taffo_end
1694171909.155255268,1694171909.594275269,1694171909.690360985,1694171909.842286035,1694171909.935419757,1694171910.033990914,1694171910.215435343
