taffo_start,init_start,vra_start,dta_start,conversion_start,backend_start,taffo_end
1694171896.346515974,1694171896.782578216,1694171896.879887865,1694171897.034364143,1694171897.127827240,1694171897.225861772,1694171897.409335016
