taffo_start,init_start,vra_start,dta_start,conversion_start,backend_start,taffo_end
1694171907.015199451,1694171907.457762502,1694171907.555146975,1694171907.706554175,1694171907.800530578,1694171907.898450057,1694171908.082260593
