taffo_start,init_start,vra_start,dta_start,conversion_start,backend_start,taffo_end
1694171913.469174011,1694171913.907320334,1694171914.004796767,1694171914.158508257,1694171914.251851797,1694171914.349196647,1694171914.531684492
