taffo_start,init_start,vra_start,dta_start,conversion_start,backend_start,taffo_end
1694171894.201079698,1694171894.636642810,1694171894.732954288,1694171894.887661953,1694171894.985004433,1694171895.081338653,1694171895.261597664
