taffo_start,init_start,vra_start,dta_start,conversion_start,backend_start,taffo_end
1694171904.857801989,1694171905.304735877,1694171905.401151799,1694171905.563976835,1694171905.659130282,1694171905.755522333,1694171905.935175419
