taffo_start,init_start,vra_start,dta_start,conversion_start,backend_start,taffo_end
1721159848.686661430,1721159849.126224495,1721159849.228679740,1721159849.639362444,1721159849.742895697,1721159849.849216737,1721159850.040161258
