taffo_start,init_start,vra_start,dta_start,conversion_start,backend_start,taffo_end
1721159851.172034369,1721159851.620369937,1721159851.723552394,1721159852.122586241,1721159852.226635149,1721159852.331751560,1721159852.514529902
