taffo_start,init_start,vra_start,dta_start,conversion_start,backend_start,taffo_end
1721159846.216549272,1721159846.658159791,1721159846.760927913,1721159847.159317011,1721159847.263246106,1721159847.368993351,1721159847.548394472
