taffo_start,init_start,vra_start,dta_start,conversion_start,backend_start,taffo_end
1721159861.818259133,1721159862.262551169,1721159862.365915839,1721159862.769990325,1721159862.874292933,1721159862.979220614,1721159863.158092614
