taffo_start,init_start,vra_start,dta_start,conversion_start,backend_start,taffo_end
1721159866.830606835,1721159867.276902145,1721159867.380164755,1721159867.784069890,1721159867.888743174,1721159867.994454151,1721159868.174376527
