taffo_start,init_start,vra_start,dta_start,conversion_start,backend_start,taffo_end
1721159843.735828371,1721159844.174558624,1721159844.277436262,1721159844.682721722,1721159844.789555806,1721159844.894423576,1721159845.073673863
