taffo_start,init_start,vra_start,dta_start,conversion_start,backend_start,taffo_end
1721159859.263675563,1721159859.704396332,1721159859.806968353,1721159860.222896291,1721159860.327415546,1721159860.432498133,1721159860.663048338
