taffo_start,init_start,vra_start,dta_start,conversion_start,backend_start,taffo_end
1721159864.289456206,1721159864.734564325,1721159864.838970370,1721159865.279443623,1721159865.384593653,1721159865.496516114,1721159865.679250132
