taffo_start,init_start,vra_start,dta_start,conversion_start,backend_start,taffo_end
1721159840.701313806,1721159841.445926310,1721159841.718625518,1721159842.353347578,1721159842.453193932,1721159842.546735806,1721159842.692415865
