taffo_start,init_start,vra_start,dta_start,conversion_start,backend_start,taffo_end
1721159853.648593571,1721159854.084548302,1721159854.188095181,1721159854.595837071,1721159854.699602989,1721159854.805489609,1721159854.993392455
