taffo_start,init_start,vra_start,dta_start,conversion_start,backend_start,taffo_end
1721159856.338681756,1721159857.202227328,1721159857.329904499,1721159857.734468281,1721159857.838961965,1721159857.943774957,1721159858.123497003
