var_scaling_factor,var_name,var_min,var_max,var_isnan,var_isinf
64,A,0.000000,13.440000,0,0
64,x,64.000000,125.090912,0,0
64,y,0.000000,0.000000,0,0
64,tmp,0.000000,0.000000,0,0
64,A,0.000000,13.440000,0,0
64,x,64.000000,125.090912,0,0
64,y,1661075.500000,2016280.625000,0,0
64,tmp,13148.159180,15626.240234,0,0
