taffo_start,init_start,vra_start,dta_start,conversion_start,backend_start,taffo_end
1721160283.878518216,1721160284.310371983,1721160284.390779903,1721160284.604769204,1721160284.701523624,1721160284.786131972,1721160284.934964755
