taffo_start,init_start,vra_start,dta_start,conversion_start,backend_start,taffo_end
1721160292.231669161,1721160292.652025578,1721160292.732460438,1721160292.940872754,1721160293.020312354,1721160293.101961705,1721160293.257392223
