taffo_start,init_start,vra_start,dta_start,conversion_start,backend_start,taffo_end
1721160290.157144576,1721160290.577026145,1721160290.657384965,1721160290.867187109,1721160290.946585936,1721160291.028679207,1721160291.181262338
