taffo_start,init_start,vra_start,dta_start,conversion_start,backend_start,taffo_end
1721160297.028300207,1721160297.468344925,1721160297.548756841,1721160297.758368053,1721160297.837887020,1721160297.919512524,1721160298.069147132
