taffo_start,init_start,vra_start,dta_start,conversion_start,backend_start,taffo_end
1721160294.318954522,1721160294.739642835,1721160294.819938176,1721160295.029462544,1721160295.109582112,1721160295.199091653,1721160295.357311518
