taffo_start,init_start,vra_start,dta_start,conversion_start,backend_start,taffo_end
1721160301.220795376,1721160301.639754646,1721160301.720541371,1721160301.928875198,1721160302.008451470,1721160302.090103349,1721160302.244179083
