taffo_start,init_start,vra_start,dta_start,conversion_start,backend_start,taffo_end
1721160288.070732079,1721160288.495878068,1721160288.576267290,1721160288.786172492,1721160288.865670048,1721160288.947333244,1721160289.096555098
