taffo_start,init_start,vra_start,dta_start,conversion_start,backend_start,taffo_end
1721160281.647826402,1721160282.178322060,1721160282.259056041,1721160282.467303234,1721160282.546761409,1721160282.628452830,1721160282.778162387
