taffo_start,init_start,vra_start,dta_start,conversion_start,backend_start,taffo_end
1721160279.217209284,1721160279.625400815,1721160279.696694835,1721160279.886846838,1721160279.958753221,1721160280.031186829,1721160280.149743335
