taffo_start,init_start,vra_start,dta_start,conversion_start,backend_start,taffo_end
1721160299.123048667,1721160299.554095038,1721160299.634610671,1721160299.843276480,1721160299.928143025,1721160300.009866331,1721160300.158743109
