taffo_start,init_start,vra_start,dta_start,conversion_start,backend_start,taffo_end
1721160285.995762377,1721160286.422470587,1721160286.502632903,1721160286.710498211,1721160286.789672302,1721160286.871644304,1721160287.021711022
