taffo_start,init_start,vra_start,dta_start,conversion_start,backend_start,taffo_end
1694172903.506936385,1694172903.968969999,1694172904.094309604,1694172904.517006816,1694172904.640626189,1694172904.773031802,1694172905.056780213
