taffo_start,init_start,vra_start,dta_start,conversion_start,backend_start,taffo_end
1694172906.397278599,1694172906.860382289,1694172906.985310719,1694172907.416481659,1694172907.540162261,1694172907.674760151,1694172907.961654983
