taffo_start,init_start,vra_start,dta_start,conversion_start,backend_start,taffo_end
1694172900.645106331,1694172901.109417628,1694172901.239052801,1694172901.668219716,1694172901.790972904,1694172901.922599659,1694172902.200255109
