taffo_start,init_start,vra_start,dta_start,conversion_start,backend_start,taffo_end
1694172895.300457965,1694172895.755357135,1694172895.858776829,1694172896.213344676,1694172896.315583193,1694172896.418450087,1694172896.628071762
