taffo_start,init_start,vra_start,dta_start,conversion_start,backend_start,taffo_end
1694172912.172412507,1694172912.632812195,1694172912.756797945,1694172913.181525995,1694172913.304856360,1694172913.442412128,1694172913.699952549
