taffo_start,init_start,vra_start,dta_start,conversion_start,backend_start,taffo_end
1694172909.279997720,1694172909.755993005,1694172909.880907682,1694172910.304971953,1694172910.428029103,1694172910.573349194,1694172910.860467700
