taffo_start,init_start,vra_start,dta_start,conversion_start,backend_start,taffo_end
1694172897.755440639,1694172898.219370749,1694172898.348859251,1694172898.783921647,1694172898.906371304,1694172899.035492215,1694172899.309660317
