taffo_start,init_start,vra_start,dta_start,conversion_start,backend_start,taffo_end
1694172923.544292907,1694172924.004833706,1694172924.129946410,1694172924.551694335,1694172924.678897864,1694172924.815796805,1694172925.080139946
