taffo_start,init_start,vra_start,dta_start,conversion_start,backend_start,taffo_end
1694172917.809705449,1694172918.271717876,1694172918.397519238,1694172918.818642996,1694172918.943719025,1694172919.082886242,1694172919.346909991
