taffo_start,init_start,vra_start,dta_start,conversion_start,backend_start,taffo_end
1694172920.657419113,1694172921.128769645,1694172921.253263712,1694172921.685067288,1694172921.847376107,1694172921.985823884,1694172922.250193376
