taffo_start,init_start,vra_start,dta_start,conversion_start,backend_start,taffo_end
1694172914.960052553,1694172915.425672108,1694172915.562732659,1694172916.000892217,1694172916.124591679,1694172916.261730131,1694172916.522707252
