var_scaling_factor,var_name,var_min,var_max,var_isnan,var_isinf
64,alpha,1.500000,1.500000,0,0
64,beta,1.200000,1.200000,0,0
64,C,0.000000,153.600006,0,0
64,A,-63936.000000,115.199997,0,0
64,B,6.400000,160.000000,0,0
64,alpha,1.500000,1.500000,0,0
64,beta,1.200000,1.200000,0,0
64,C,20390.398438,175173.125000,0,0
64,A,-63936.000000,115.199997,0,0
64,B,6.400000,160.000000,0,0
