var_scaling_factor,var_name,var_min,var_max,var_isnan,var_isinf
1024,tsteps,10.000000,10.000000,0,0
1024,A,102.400002,20531.199219,0,0
1024,tsteps,10.000000,10.000000,0,0
1024,A,102.400002,20531.199219,0,0
