var_scaling_factor,var_name,var_min,var_max,var_isnan,var_isinf
4,alpha,1.500000,1.500000,0,0
4,beta,1.200000,1.200000,0,0
4,C,0.000000,9.600000,0,0
4,A,-3996.000000,7.200000,0,0
4,B,0.400000,10.000000,0,0
4,alpha,1.500000,1.500000,0,0
4,beta,1.200000,1.200000,0,0
4,C,86.400002,688.320007,0,0
4,A,-3996.000000,7.200000,0,0
4,B,0.400000,10.000000,0,0
