var_scaling_factor,var_name,var_min,var_max,var_isnan,var_isinf
64,A,0.000000,61.090908,0,0
64,s,0.000000,0.000000,0,0
64,q,0.000000,0.000000,0,0
64,p,0.000000,60.799999,0,0
64,r,0.000000,61.090908,0,0
64,A,0.000000,61.090908,0,0
64,s,11264.000000,28020.365234,0,0
64,q,0.000000,24762.181641,0,0
64,p,0.000000,60.799999,0,0
64,r,0.000000,61.090908,0,0
