var_scaling_factor,var_name,var_min,var_max,var_isnan,var_isinf
32,A,32.000000,261.519989,0,0
32,B,32.000000,261.519989,0,0
32,b,128.800003,144.000000,0,0
32,x,0.000000,0.000000,0,0
32,y,0.000000,0.000000,0,0
32,A,0.100000,32.000011,0,0
32,B,32.000000,261.519989,0,0
32,b,128.800003,144.000000,0,0
32,x,-0.037947,3.998521,0,0
32,y,0.800003,128.800003,0,0
