var_scaling_factor,var_name,var_min,var_max,var_isnan,var_isinf
1024,A,0.000000,215.039993,0,0
1024,x,1024.000000,2001.454590,0,0
1024,y,0.000000,0.000000,0,0
1024,tmp,0.000000,0.000000,0,0
1024,A,0.000000,215.039993,0,0
1024,x,1024.000000,2001.454590,0,0
1024,y,6803765248.000000,8258685440.000000,0,0
1024,tmp,3365928.750000,4000317.500000,0,0
