var_scaling_factor,var_name,var_min,var_max,var_isnan,var_isinf
4,E,0.000000,0.000000,0,0
4,A,0.000000,0.666667,0,0
4,B,0.000000,0.700000,0,0
4,F,0.000000,0.000000,0,0
4,C,0.000000,0.733333,0,0
4,D,0.000000,0.720000,0,0
4,G,0.000000,0.000000,0,0
4,E,0.266667,1.733333,0,0
4,A,0.000000,0.666667,0,0
4,B,0.000000,0.700000,0,0
4,F,0.000000,2.048000,0,0
4,C,0.000000,0.733333,0,0
4,D,0.000000,0.720000,0,0
4,G,2.006471,13.896534,0,0
