var_scaling_factor,var_name,var_min,var_max,var_isnan,var_isinf
4,A,4.000000,32.689999,0,0
4,B,4.000000,32.689999,0,0
4,b,16.100000,18.000000,0,0
4,x,0.000000,0.000000,0,0
4,y,0.000000,0.000000,0,0
4,A,0.100000,4.000001,0,0
4,B,4.000000,32.689999,0,0
4,b,16.100000,18.000000,0,0
4,x,-0.037947,3.998521,0,0
4,y,0.100000,16.100000,0,0
