var_scaling_factor,var_name,var_min,var_max,var_isnan,var_isinf
16,alpha,1.500000,1.500000,0,0
16,beta,1.200000,1.200000,0,0
16,C,0.000000,38.400002,0,0
16,A,-15984.000000,28.799999,0,0
16,B,1.600000,40.000000,0,0
16,alpha,1.500000,1.500000,0,0
16,beta,1.200000,1.200000,0,0
16,C,1296.000000,10961.280273,0,0
16,A,-15984.000000,28.799999,0,0
16,B,1.600000,40.000000,0,0
