taffo_start,init_start,vra_start,dta_start,conversion_start,backend_start,taffo_end
1721160115.873402336,1721160116.287995816,1721160116.362439489,1721160116.530612613,1721160116.608008653,1721160116.686307622,1721160116.812522863
