taffo_start,init_start,vra_start,dta_start,conversion_start,backend_start,taffo_end
1721160133.744517525,1721160134.167472998,1721160134.252693417,1721160134.447099125,1721160134.535547835,1721160134.628726244,1721160134.794830013
