taffo_start,init_start,vra_start,dta_start,conversion_start,backend_start,taffo_end
1721160129.403810396,1721160129.841546315,1721160129.932089902,1721160130.127034356,1721160130.215627385,1721160130.307987778,1721160130.473404654
