taffo_start,init_start,vra_start,dta_start,conversion_start,backend_start,taffo_end
1721160124.276135513,1721160124.701972518,1721160124.786942679,1721160124.980577684,1721160125.068472770,1721160125.161097011,1721160125.326680606
