taffo_start,init_start,vra_start,dta_start,conversion_start,backend_start,taffo_end
1721160131.572442547,1721160132.001672672,1721160132.086949654,1721160132.282087187,1721160132.372747351,1721160132.465728641,1721160132.631953833
