taffo_start,init_start,vra_start,dta_start,conversion_start,backend_start,taffo_end
1721160126.423941760,1721160127.520256610,1721160127.689599218,1721160127.941194088,1721160128.030077470,1721160128.129921083,1721160128.309484727
