taffo_start,init_start,vra_start,dta_start,conversion_start,backend_start,taffo_end
1721160135.890788300,1721160136.314773664,1721160136.399744858,1721160136.594216700,1721160136.682949540,1721160136.775100589,1721160136.941141645
