taffo_start,init_start,vra_start,dta_start,conversion_start,backend_start,taffo_end
1721160117.808163859,1721160118.232371638,1721160118.317092379,1721160118.513713601,1721160118.603542486,1721160118.695449920,1721160118.861307639
