taffo_start,init_start,vra_start,dta_start,conversion_start,backend_start,taffo_end
1721160119.954184769,1721160120.381778725,1721160120.466687023,1721160120.660966280,1721160120.748486886,1721160120.840182868,1721160121.006469043
