taffo_start,init_start,vra_start,dta_start,conversion_start,backend_start,taffo_end
1721160138.046768561,1721160138.474806607,1721160138.559509503,1721160138.783670336,1721160138.896157524,1721160138.994150084,1721160139.159235925
