taffo_start,init_start,vra_start,dta_start,conversion_start,backend_start,taffo_end
1721160122.105033486,1721160122.528566880,1721160122.622387444,1721160122.820176135,1721160122.907911968,1721160123.003168281,1721160123.179133978
