taffo_start,init_start,vra_start,dta_start,conversion_start,backend_start,taffo_end
1694173950.129595537,1694173950.567149983,1694173950.649290970,1694173950.851245788,1694173950.932162515,1694173951.015081157,1694173951.153696645
