taffo_start,init_start,vra_start,dta_start,conversion_start,backend_start,taffo_end
1694173952.119639224,1694173952.565445660,1694173952.663509757,1694173952.909687007,1694173953.005025109,1694173953.104236110,1694173953.286460282
