taffo_start,init_start,vra_start,dta_start,conversion_start,backend_start,taffo_end
1694173963.336708528,1694173963.788262098,1694173963.883798637,1694173964.123918120,1694173964.220500098,1694173964.319766264,1694173964.501617766
