taffo_start,init_start,vra_start,dta_start,conversion_start,backend_start,taffo_end
1694173972.337047171,1694173972.789001479,1694173972.887976701,1694173973.132353909,1694173973.230466310,1694173973.331775157,1694173973.515889066
