taffo_start,init_start,vra_start,dta_start,conversion_start,backend_start,taffo_end
1694173956.624381639,1694173957.060055170,1694173957.156791275,1694173957.398174359,1694173957.493746431,1694173957.596244606,1694173957.778219742
