taffo_start,init_start,vra_start,dta_start,conversion_start,backend_start,taffo_end
1694173970.081895922,1694173970.521834131,1694173970.627356578,1694173970.869178719,1694173970.964908627,1694173971.064709968,1694173971.249411046
