taffo_start,init_start,vra_start,dta_start,conversion_start,backend_start,taffo_end
1694173958.857730969,1694173959.293646731,1694173959.389551589,1694173959.630369747,1694173959.725404129,1694173959.823989917,1694173960.006192589
