taffo_start,init_start,vra_start,dta_start,conversion_start,backend_start,taffo_end
1694173967.831124041,1694173968.273464802,1694173968.369227983,1694173968.615223237,1694173968.710857969,1694173968.809744112,1694173968.992770713
