taffo_start,init_start,vra_start,dta_start,conversion_start,backend_start,taffo_end
1694173954.359591206,1694173954.804184557,1694173954.899896121,1694173955.143424460,1694173955.240857846,1694173955.340553764,1694173955.523314131
