taffo_start,init_start,vra_start,dta_start,conversion_start,backend_start,taffo_end
1694173961.097243650,1694173961.535428615,1694173961.633100625,1694173961.875000540,1694173961.970961033,1694173962.070052521,1694173962.255331631
