taffo_start,init_start,vra_start,dta_start,conversion_start,backend_start,taffo_end
1694173965.593434764,1694173966.032213355,1694173966.129547653,1694173966.369091024,1694173966.464670516,1694173966.567862050,1694173966.752234603
