var_scaling_factor,var_name,var_min,var_max,var_isnan,var_isinf
128,alpha,1.500000,1.500000,0,0
128,beta,1.200000,1.200000,0,0
128,C,0.000000,115.199997,0,0
128,A,0.000000,120.000000,0,0
128,alpha,1.500000,1.500000,0,0
128,beta,1.200000,1.200000,0,0
128,C,0.000000,105803.515625,0,0
128,A,0.000000,120.000000,0,0
