var_scaling_factor,var_name,var_min,var_max,var_isnan,var_isinf
256,A,0.000000,243.199997,0,0
256,x1,0.000000,243.199997,0,0
256,x2,0.000000,243.199997,0,0
256,y_1,0.000000,243.199997,0,0
256,y_2,0.000000,243.199997,0,0
256,A,0.000000,243.199997,0,0
256,x1,0.000000,321343.968750,0,0
256,x2,12.800000,326169.593750,0,0
256,y_1,0.000000,243.199997,0,0
256,y_2,0.000000,243.199997,0,0
