var_scaling_factor,var_name,var_min,var_max,var_isnan,var_isinf
256,alpha,1.500000,1.500000,0,0
256,A,0.000000,256.000000,0,0
256,B,0.000000,240.000000,0,0
256,alpha,1.500000,1.500000,0,0
256,A,0.000000,256.000000,0,0
256,B,0.000000,341136.000000,0,0
