var_scaling_factor,var_name,var_min,var_max,var_isnan,var_isinf
32,tsteps,10.000000,10.000000,0,0
32,A,4.266667,482.133331,0,0
32,B,6.400000,514.133362,0,0
32,tsteps,10.000000,10.000000,0,0
32,A,4.266667,482.133331,0,0
32,B,6.400000,514.133362,0,0
