taffo_start,init_start,vra_start,dta_start,conversion_start,backend_start,taffo_end
1694172682.061011166,1694172682.498821339,1694172682.595560035,1694172682.806288695,1694172682.902581121,1694172683.000602509,1694172683.180856564
