taffo_start,init_start,vra_start,dta_start,conversion_start,backend_start,taffo_end
1694172693.048534635,1694172693.485559731,1694172693.582424074,1694172693.784148911,1694172693.879744123,1694172693.978342552,1694172694.159509032
