taffo_start,init_start,vra_start,dta_start,conversion_start,backend_start,taffo_end
1694172688.643359300,1694172689.084889466,1694172689.181130384,1694172689.383347015,1694172689.479801196,1694172689.578510519,1694172689.761712596
