taffo_start,init_start,vra_start,dta_start,conversion_start,backend_start,taffo_end
1694172686.441101522,1694172686.894522420,1694172686.991707166,1694172687.194735569,1694172687.292316749,1694172687.390412767,1694172687.572246475
