taffo_start,init_start,vra_start,dta_start,conversion_start,backend_start,taffo_end
1694172697.450108656,1694172697.890616556,1694172697.987364580,1694172698.187921625,1694172698.284522192,1694172698.387255555,1694172698.571538918
