taffo_start,init_start,vra_start,dta_start,conversion_start,backend_start,taffo_end
1694172684.240304644,1694172684.681015000,1694172684.778631075,1694172684.979429208,1694172685.076804149,1694172685.175969320,1694172685.356534079
