taffo_start,init_start,vra_start,dta_start,conversion_start,backend_start,taffo_end
1694172679.861535851,1694172680.302509668,1694172680.399112356,1694172680.610535382,1694172680.717718832,1694172680.816274859,1694172680.998601444
