taffo_start,init_start,vra_start,dta_start,conversion_start,backend_start,taffo_end
1694172677.675783866,1694172678.117636475,1694172678.214597834,1694172678.415469572,1694172678.513967702,1694172678.612320846,1694172678.797328801
