taffo_start,init_start,vra_start,dta_start,conversion_start,backend_start,taffo_end
1694172675.738118771,1694172676.161674809,1694172676.244839409,1694172676.411067578,1694172676.492479283,1694172676.574387105,1694172676.716921180
