taffo_start,init_start,vra_start,dta_start,conversion_start,backend_start,taffo_end
1694172690.848079167,1694172691.291457604,1694172691.387892425,1694172691.590652175,1694172691.688190297,1694172691.787036353,1694172691.974105447
