taffo_start,init_start,vra_start,dta_start,conversion_start,backend_start,taffo_end
1694172695.234966168,1694172695.687725725,1694172695.785776134,1694172695.999645380,1694172696.096071068,1694172696.195028375,1694172696.378178870
