var_scaling_factor,var_name,var_min,var_max,var_isnan,var_isinf
128,A,0.000000,122.181816,0,0
128,s,0.000000,0.000000,0,0
128,q,0.000000,0.000000,0,0
128,p,0.000000,121.599998,0,0
128,r,0.000000,122.181816,0,0
128,A,0.000000,122.181816,0,0
128,s,45056.000000,112081.460938,0,0
128,q,0.000000,99048.726562,0,0
128,p,0.000000,121.599998,0,0
128,r,0.000000,122.181816,0,0
