taffo_start,init_start,vra_start,dta_start,conversion_start,backend_start,taffo_end
1694172666.900715785,1694172667.339822863,1694172667.436245237,1694172667.649176376,1694172667.745454347,1694172667.844172033,1694172668.029738205
