taffo_start,init_start,vra_start,dta_start,conversion_start,backend_start,taffo_end
1694172658.140183377,1694172658.586521543,1694172658.683859794,1694172658.885028018,1694172658.981004247,1694172659.079233280,1694172659.259567570
