taffo_start,init_start,vra_start,dta_start,conversion_start,backend_start,taffo_end
1694172655.905837206,1694172656.369984593,1694172656.488557591,1694172656.691233603,1694172656.787337680,1694172656.886323005,1694172657.067355570
