taffo_start,init_start,vra_start,dta_start,conversion_start,backend_start,taffo_end
1694172669.096260079,1694172669.535196961,1694172669.631562967,1694172669.848963667,1694172669.973682148,1694172670.076095081,1694172670.257316039
