taffo_start,init_start,vra_start,dta_start,conversion_start,backend_start,taffo_end
1694172653.712915137,1694172654.151363137,1694172654.248044322,1694172654.453483679,1694172654.549683772,1694172654.648024243,1694172654.828967527
