taffo_start,init_start,vra_start,dta_start,conversion_start,backend_start,taffo_end
1694172651.765764348,1694172652.190938968,1694172652.275292739,1694172652.453440305,1694172652.535138742,1694172652.617461658,1694172652.755012323
