taffo_start,init_start,vra_start,dta_start,conversion_start,backend_start,taffo_end
1694172664.705724070,1694172665.142389322,1694172665.239022355,1694172665.441997586,1694172665.549617530,1694172665.656571143,1694172665.837116964
