taffo_start,init_start,vra_start,dta_start,conversion_start,backend_start,taffo_end
1694172662.523970281,1694172662.962267146,1694172663.059147584,1694172663.259103813,1694172663.354564445,1694172663.454908883,1694172663.639877560
