taffo_start,init_start,vra_start,dta_start,conversion_start,backend_start,taffo_end
1694172671.332883523,1694172671.771638834,1694172671.868259727,1694172672.069944670,1694172672.166072581,1694172672.264494812,1694172672.446155665
