taffo_start,init_start,vra_start,dta_start,conversion_start,backend_start,taffo_end
1694172660.329371354,1694172660.782928809,1694172660.879580795,1694172661.083014709,1694172661.178377978,1694172661.276273771,1694172661.458312826
