taffo_start,init_start,vra_start,dta_start,conversion_start,backend_start,taffo_end
1694172673.523787549,1694172673.973407130,1694172674.069790336,1694172674.271541829,1694172674.367597553,1694172674.466008766,1694172674.650300084
