var_scaling_factor,var_name,var_min,var_max,var_isnan,var_isinf
256,A,0.000000,53.759998,0,0
256,x,256.000000,500.363647,0,0
256,y,0.000000,0.000000,0,0
256,tmp,0.000000,0.000000,0,0
256,A,0.000000,53.759998,0,0
256,x,256.000000,500.363647,0,0
256,y,106308832.000000,129041960.000000,0,0
256,tmp,210370.546875,250019.843750,0,0
