var_scaling_factor,var_name,var_min,var_max,var_isnan,var_isinf
1024,A,1024.000000,8368.639648,0,0
1024,B,1024.000000,8368.639648,0,0
1024,b,4121.600098,4608.000000,0,0
1024,x,0.000000,0.000000,0,0
1024,y,0.000000,0.000000,0,0
1024,A,0.100000,1024.000366,0,0
1024,B,1024.000000,8368.639648,0,0
1024,b,4121.600098,4608.000000,0,0
1024,x,-0.037947,3.998521,0,0
1024,y,25.600098,4121.600098,0,0
