var_scaling_factor,var_name,var_min,var_max,var_isnan,var_isinf
16,alpha,1.500000,1.500000,0,0
16,beta,1.200000,1.200000,0,0
16,A,0.000000,15.000000,0,0
16,B,0.000000,15.000000,0,0
16,tmp,0.000000,0.000000,0,0
16,x,0.000000,15.000000,0,0
16,y,0.000000,0.000000,0,0
16,alpha,1.500000,1.500000,0,0
16,beta,1.200000,1.200000,0,0
16,A,0.000000,15.000000,0,0
16,B,0.000000,15.000000,0,0
16,tmp,120.000000,1128.000000,0,0
16,x,0.000000,15.000000,0,0
16,y,468.000000,2899.200195,0,0
