var_scaling_factor,var_name,var_min,var_max,var_isnan,var_isinf
1024,alpha,1.500000,1.500000,0,0
1024,beta,1.200000,1.200000,0,0
1024,C,0.000000,2457.600098,0,0
1024,A,-1022976.000000,1843.199951,0,0
1024,B,102.400002,2560.000000,0,0
1024,alpha,1.500000,1.500000,0,0
1024,beta,1.200000,1.200000,0,0
1024,C,5192294.000000,44827728.000000,0,0
1024,A,-1022976.000000,1843.199951,0,0
1024,B,102.400002,2560.000000,0,0
