taffo_start,init_start,vra_start,dta_start,conversion_start,backend_start,taffo_end
1694171611.604093776,1694171612.039064842,1694171612.130711846,1694171612.267517683,1694171612.356342814,1694171612.452118008,1694171612.627628415
