taffo_start,init_start,vra_start,dta_start,conversion_start,backend_start,taffo_end
1694171603.275466181,1694171603.711664408,1694171603.802805871,1694171603.938906376,1694171604.028147558,1694171604.125134281,1694171604.300348797
