taffo_start,init_start,vra_start,dta_start,conversion_start,backend_start,taffo_end
1694171607.437314318,1694171607.872651672,1694171607.963740466,1694171608.100830079,1694171608.190307490,1694171608.287149586,1694171608.459868609
