taffo_start,init_start,vra_start,dta_start,conversion_start,backend_start,taffo_end
1694171605.346792129,1694171605.796082615,1694171605.888035272,1694171606.031493989,1694171606.120693939,1694171606.216440453,1694171606.389694025
