taffo_start,init_start,vra_start,dta_start,conversion_start,backend_start,taffo_end
1694171609.503575255,1694171609.938500433,1694171610.030089619,1694171610.167494712,1694171610.257220980,1694171610.353293269,1694171610.537922060
