taffo_start,init_start,vra_start,dta_start,conversion_start,backend_start,taffo_end
1694171595.257577910,1694171595.694079783,1694171595.772282326,1694171595.881009364,1694171595.956029476,1694171596.032151533,1694171596.153257367
