taffo_start,init_start,vra_start,dta_start,conversion_start,backend_start,taffo_end
1694171615.807982474,1694171616.237422159,1694171616.329641515,1694171616.466392358,1694171616.556260861,1694171616.654342430,1694171616.832477307
