taffo_start,init_start,vra_start,dta_start,conversion_start,backend_start,taffo_end
1694171601.208590184,1694171601.642767992,1694171601.734239778,1694171601.870699656,1694171601.959403535,1694171602.055011781,1694171602.227250879
