taffo_start,init_start,vra_start,dta_start,conversion_start,backend_start,taffo_end
1694171613.686284856,1694171614.115489308,1694171614.207224608,1694171614.344571707,1694171614.433956430,1694171614.531599496,1694171614.709958315
