taffo_start,init_start,vra_start,dta_start,conversion_start,backend_start,taffo_end
1694171597.065225536,1694171597.497693160,1694171597.589116706,1694171597.726300205,1694171597.815837989,1694171597.912028430,1694171598.085554111
