taffo_start,init_start,vra_start,dta_start,conversion_start,backend_start,taffo_end
1694171599.124469692,1694171599.564566090,1694171599.655723435,1694171599.791935272,1694171599.882120417,1694171599.977697515,1694171600.150737128
