taffo_start,init_start,vra_start,dta_start,conversion_start,backend_start,taffo_end
1694173700.597025211,1694173701.035907692,1694173701.134867074,1694173701.349404708,1694173701.447553292,1694173701.552927608,1694173701.756834714
