taffo_start,init_start,vra_start,dta_start,conversion_start,backend_start,taffo_end
1694173689.158114055,1694173689.599962702,1694173689.701214105,1694173689.914528005,1694173690.013510285,1694173690.118029620,1694173690.314281223
