taffo_start,init_start,vra_start,dta_start,conversion_start,backend_start,taffo_end
1694173684.637326908,1694173685.082100368,1694173685.181512629,1694173685.394865911,1694173685.492374984,1694173685.607810136,1694173685.801513304
