taffo_start,init_start,vra_start,dta_start,conversion_start,backend_start,taffo_end
1694173695.987214627,1694173696.428510462,1694173696.528300948,1694173696.742646412,1694173696.841247941,1694173696.946160633,1694173697.148342020
