taffo_start,init_start,vra_start,dta_start,conversion_start,backend_start,taffo_end
1694173686.902910352,1694173687.345622450,1694173687.445420638,1694173687.661786212,1694173687.761566999,1694173687.867082796,1694173688.060953494
