taffo_start,init_start,vra_start,dta_start,conversion_start,backend_start,taffo_end
1694173698.268335772,1694173698.707639141,1694173698.805871295,1694173699.021616687,1694173699.128672766,1694173699.233346692,1694173699.445357327
