taffo_start,init_start,vra_start,dta_start,conversion_start,backend_start,taffo_end
1694173680.102371394,1694173680.554458826,1694173680.653996469,1694173680.868130482,1694173680.966641326,1694173681.072270037,1694173681.265705640
