taffo_start,init_start,vra_start,dta_start,conversion_start,backend_start,taffo_end
1694173691.423786123,1694173691.868751743,1694173691.968366785,1694173692.181229978,1694173692.283544830,1694173692.388989625,1694173692.581540339
