taffo_start,init_start,vra_start,dta_start,conversion_start,backend_start,taffo_end
1694173678.126602433,1694173678.551402302,1694173678.639526901,1694173678.816755848,1694173678.900254272,1694173678.987295663,1694173679.131163379
