taffo_start,init_start,vra_start,dta_start,conversion_start,backend_start,taffo_end
1694173693.676572864,1694173694.174520322,1694173694.275341042,1694173694.490390329,1694173694.588412186,1694173694.694136267,1694173694.886361346
