taffo_start,init_start,vra_start,dta_start,conversion_start,backend_start,taffo_end
1694173682.369140279,1694173682.807723392,1694173682.907235542,1694173683.122167431,1694173683.220150530,1694173683.326897537,1694173683.518762947
