var_scaling_factor,var_name,var_min,var_max,var_isnan,var_isinf
16,tsteps,10.000000,10.000000,0,0
16,A,2.133333,17.066668,0,0
16,B,3.200000,18.133333,0,0
16,tsteps,10.000000,10.000000,0,0
16,A,2.133333,17.066668,0,0
16,B,3.200000,18.133333,0,0
