taffo_start,init_start,vra_start,dta_start,conversion_start,backend_start,taffo_end
1721159981.574278102,1721159981.995114790,1721159982.069964531,1721159982.178866178,1721159982.254208392,1721159982.342095294,1721159982.483179686
