taffo_start,init_start,vra_start,dta_start,conversion_start,backend_start,taffo_end
1721159960.947829390,1721159961.629524967,1721159961.762868279,1721159962.040025008,1721159962.160344117,1721159962.268290405,1721159962.410950458
