taffo_start,init_start,vra_start,dta_start,conversion_start,backend_start,taffo_end
1721159965.304502049,1721159965.723877039,1721159965.798249892,1721159965.910766837,1721159965.987086556,1721159966.064874965,1721159966.207716649
