taffo_start,init_start,vra_start,dta_start,conversion_start,backend_start,taffo_end
1721159973.035647957,1721159973.450548218,1721159973.524689793,1721159973.631354419,1721159973.732870071,1721159973.810230322,1721159973.951632641
