taffo_start,init_start,vra_start,dta_start,conversion_start,backend_start,taffo_end
1721159967.244560468,1721159967.662902051,1721159967.736636403,1721159967.842637285,1721159967.918611268,1721159967.996067604,1721159968.137435862
