taffo_start,init_start,vra_start,dta_start,conversion_start,backend_start,taffo_end
1721159974.988050980,1721159975.400702041,1721159975.474417661,1721159975.580474487,1721159975.656480245,1721159975.739543159,1721159975.881427337
