taffo_start,init_start,vra_start,dta_start,conversion_start,backend_start,taffo_end
1721159977.631443194,1721159978.052227768,1721159978.126126161,1721159978.232051621,1721159978.308343513,1721159978.386001608,1721159978.527619941
