taffo_start,init_start,vra_start,dta_start,conversion_start,backend_start,taffo_end
1721159971.094049416,1721159971.519264580,1721159971.592717371,1721159971.708467737,1721159971.784307742,1721159971.862337596,1721159972.003879099
