taffo_start,init_start,vra_start,dta_start,conversion_start,backend_start,taffo_end
1721159963.378498664,1721159963.794816341,1721159963.868836309,1721159963.976567268,1721159964.053732334,1721159964.132043578,1721159964.272974998
