taffo_start,init_start,vra_start,dta_start,conversion_start,backend_start,taffo_end
1721159979.558146396,1721159979.983803699,1721159980.057572383,1721159980.163478622,1721159980.239812317,1721159980.317589815,1721159980.458755227
