taffo_start,init_start,vra_start,dta_start,conversion_start,backend_start,taffo_end
1721159969.163253225,1721159969.578375484,1721159969.657665780,1721159969.763706933,1721159969.839616463,1721159969.916879080,1721159970.061373724
