var_scaling_factor,var_name,var_min,var_max,var_isnan,var_isinf
2,alpha,1.500000,1.500000,0,0
2,beta,1.200000,1.200000,0,0
2,C,0.000000,4.800000,0,0
2,A,-1998.000000,3.600000,0,0
2,B,0.200000,5.000000,0,0
2,alpha,1.500000,1.500000,0,0
2,beta,1.200000,1.200000,0,0
2,C,23.400000,173.160004,0,0
2,A,-1998.000000,3.600000,0,0
2,B,0.200000,5.000000,0,0
