taffo_start,init_start,vra_start,dta_start,conversion_start,backend_start,taffo_end
1694174475.184640787,1694174475.630130471,1694174475.719196746,1694174475.899065272,1694174475.987763725,1694174476.080204577,1694174476.247136481
