taffo_start,init_start,vra_start,dta_start,conversion_start,backend_start,taffo_end
1694174483.600516858,1694174484.037835552,1694174484.127010659,1694174484.307607777,1694174484.396165887,1694174484.499278759,1694174484.671359112
