taffo_start,init_start,vra_start,dta_start,conversion_start,backend_start,taffo_end
1694174479.377975316,1694174479.817528340,1694174479.906850915,1694174480.088392852,1694174480.176289862,1694174480.267799128,1694174480.435096840
