taffo_start,init_start,vra_start,dta_start,conversion_start,backend_start,taffo_end
1694174481.477387520,1694174481.916359385,1694174482.006517762,1694174482.186483766,1694174482.278385915,1694174482.370849757,1694174482.546683415
