taffo_start,init_start,vra_start,dta_start,conversion_start,backend_start,taffo_end
1694174468.896512390,1694174469.335002561,1694174469.424746150,1694174469.604949913,1694174469.692744555,1694174469.785530356,1694174469.953267649
