taffo_start,init_start,vra_start,dta_start,conversion_start,backend_start,taffo_end
1694174473.091595471,1694174473.527680096,1694174473.616824101,1694174473.797445533,1694174473.884436492,1694174473.977148953,1694174474.144639876
