taffo_start,init_start,vra_start,dta_start,conversion_start,backend_start,taffo_end
1694174462.848169678,1694174463.265086796,1694174463.343859136,1694174463.497653327,1694174463.573729014,1694174463.649919906,1694174463.774123729
