taffo_start,init_start,vra_start,dta_start,conversion_start,backend_start,taffo_end
1694174470.996713031,1694174471.440242059,1694174471.531234812,1694174471.711252792,1694174471.799102685,1694174471.890336604,1694174472.057708640
