taffo_start,init_start,vra_start,dta_start,conversion_start,backend_start,taffo_end
1694174464.709394310,1694174465.140552467,1694174465.230648992,1694174465.412427534,1694174465.500368669,1694174465.607516007,1694174465.775117544
