taffo_start,init_start,vra_start,dta_start,conversion_start,backend_start,taffo_end
1694174477.282727996,1694174477.715158029,1694174477.808790628,1694174477.994610848,1694174478.082227752,1694174478.174652565,1694174478.343407407
