taffo_start,init_start,vra_start,dta_start,conversion_start,backend_start,taffo_end
1694174466.806689205,1694174467.240033316,1694174467.329476885,1694174467.510128231,1694174467.598188277,1694174467.691331757,1694174467.865168263
