var_scaling_factor,var_name,var_min,var_max,var_isnan,var_isinf
1,tsteps,10.000000,10.000000,0,0
1,A,0.133333,1.066667,0,0
1,B,0.200000,1.133333,0,0
1,tsteps,10.000000,10.000000,0,0
1,A,0.133333,1.066667,0,0
1,B,0.200000,1.133333,0,0
