taffo_start,init_start,vra_start,dta_start,conversion_start,backend_start,taffo_end
1694175007.100340850,1694175007.539652317,1694175007.642743247,1694175007.815755601,1694175007.916695797,1694175008.016002757,1694175008.181054297
