taffo_start,init_start,vra_start,dta_start,conversion_start,backend_start,taffo_end
1694175023.441254632,1694175023.899393639,1694175024.017561464,1694175024.220324269,1694175024.337507405,1694175024.453894525,1694175024.661709745
