taffo_start,init_start,vra_start,dta_start,conversion_start,backend_start,taffo_end
1694175009.208601653,1694175009.658504640,1694175009.779815145,1694175009.983892178,1694175010.100426546,1694175010.219527787,1694175010.428561123
