taffo_start,init_start,vra_start,dta_start,conversion_start,backend_start,taffo_end
1694175025.809400276,1694175026.274267992,1694175026.395040564,1694175026.598104467,1694175026.714610666,1694175026.831215396,1694175027.041967012
