taffo_start,init_start,vra_start,dta_start,conversion_start,backend_start,taffo_end
1694175028.185495237,1694175028.637358447,1694175028.756212726,1694175028.959228013,1694175029.075064834,1694175029.195872574,1694175029.407205942
