taffo_start,init_start,vra_start,dta_start,conversion_start,backend_start,taffo_end
1694175013.921707368,1694175014.376213564,1694175014.494420362,1694175014.699446511,1694175014.816880436,1694175014.933310768,1694175015.141744338
