taffo_start,init_start,vra_start,dta_start,conversion_start,backend_start,taffo_end
1694175021.073883957,1694175021.536488697,1694175021.654817798,1694175021.861832526,1694175021.978633024,1694175022.094858669,1694175022.307369493
