taffo_start,init_start,vra_start,dta_start,conversion_start,backend_start,taffo_end
1694175016.286607804,1694175016.737262067,1694175016.855668684,1694175017.071688287,1694175017.191297603,1694175017.310458119,1694175017.519229584
