taffo_start,init_start,vra_start,dta_start,conversion_start,backend_start,taffo_end
1694175018.653523664,1694175019.111133351,1694175019.248647781,1694175019.478669210,1694175019.596251217,1694175019.713454145,1694175019.929115614
