taffo_start,init_start,vra_start,dta_start,conversion_start,backend_start,taffo_end
1694175030.775222464,1694175031.231780542,1694175031.350994892,1694175031.553928923,1694175031.669635167,1694175031.790333771,1694175032.000067167
