taffo_start,init_start,vra_start,dta_start,conversion_start,backend_start,taffo_end
1694175011.560209520,1694175012.022286614,1694175012.139776431,1694175012.345058861,1694175012.461292167,1694175012.577871009,1694175012.788625963
