var_scaling_factor,var_name,var_min,var_max,var_isnan,var_isinf
16,A,0.000000,15.200000,0,0
16,x1,0.000000,15.200000,0,0
16,x2,0.000000,15.200000,0,0
16,y_1,0.000000,15.200000,0,0
16,y_2,0.000000,15.200000,0,0
16,A,0.000000,15.200000,0,0
16,x1,0.000000,1267.999878,0,0
16,x2,0.800000,1281.599976,0,0
16,y_1,0.000000,15.200000,0,0
16,y_2,0.000000,15.200000,0,0
