taffo_start,init_start,vra_start,dta_start,conversion_start,backend_start,taffo_end
1694174930.318471493,1694174930.782456725,1694174930.937987455,1694174931.146945916,1694174931.263603553,1694174931.379352864,1694174931.586999750
