taffo_start,init_start,vra_start,dta_start,conversion_start,backend_start,taffo_end
1694174928.201318725,1694174928.639069416,1694174928.742496534,1694174928.911379671,1694174929.011896914,1694174929.121046393,1694174929.286254790
