taffo_start,init_start,vra_start,dta_start,conversion_start,backend_start,taffo_end
1694174942.195547148,1694174942.648684369,1694174942.767021675,1694174942.973395689,1694174943.088891198,1694174943.218060538,1694174943.426857222
