taffo_start,init_start,vra_start,dta_start,conversion_start,backend_start,taffo_end
1694174944.562713088,1694174945.015524133,1694174945.134257714,1694174945.339534516,1694174945.455267403,1694174945.580211252,1694174945.791690775
