taffo_start,init_start,vra_start,dta_start,conversion_start,backend_start,taffo_end
1694174949.324787265,1694174949.780775876,1694174949.899497092,1694174950.112881534,1694174950.228363359,1694174950.345239910,1694174950.556555224
