taffo_start,init_start,vra_start,dta_start,conversion_start,backend_start,taffo_end
1694174932.725489876,1694174933.185291982,1694174933.305588109,1694174933.508522632,1694174933.624736123,1694174933.742141359,1694174933.952832363
