taffo_start,init_start,vra_start,dta_start,conversion_start,backend_start,taffo_end
1694174946.931033939,1694174947.411126577,1694174947.530404227,1694174947.733740574,1694174947.849678525,1694174947.966681306,1694174948.177475934
