taffo_start,init_start,vra_start,dta_start,conversion_start,backend_start,taffo_end
1694174935.090526432,1694174935.543289424,1694174935.666365563,1694174935.868433363,1694174935.991073640,1694174936.108585455,1694174936.318337667
