taffo_start,init_start,vra_start,dta_start,conversion_start,backend_start,taffo_end
1694174937.452055173,1694174937.903076250,1694174938.021420890,1694174938.232473554,1694174938.350295117,1694174938.467587103,1694174938.676572985
