taffo_start,init_start,vra_start,dta_start,conversion_start,backend_start,taffo_end
1694174939.820072370,1694174940.278424294,1694174940.396721766,1694174940.607622485,1694174940.723582477,1694174940.840615420,1694174941.049672710
