taffo_start,init_start,vra_start,dta_start,conversion_start,backend_start,taffo_end
1694174951.917350049,1694174952.383009358,1694174952.500790402,1694174952.703057246,1694174952.819408784,1694174952.935953338,1694174953.144817188
