var_scaling_factor,var_name,var_min,var_max,var_isnan,var_isinf
1024,tsteps,10.000000,10.000000,0,0
1024,A,136.533340,15428.266602,0,0
1024,B,204.800003,16452.267578,0,0
1024,tsteps,10.000000,10.000000,0,0
1024,A,136.533340,15428.266602,0,0
1024,B,204.800003,16452.267578,0,0
