taffo_start,init_start,vra_start,dta_start,conversion_start,backend_start,taffo_end
1721160176.592631759,1721160177.015300400,1721160177.104008725,1721160177.305815078,1721160177.393963705,1721160177.486147772,1721160177.651821561
