taffo_start,init_start,vra_start,dta_start,conversion_start,backend_start,taffo_end
1721160174.433191558,1721160174.857093368,1721160174.942112380,1721160175.138713903,1721160175.227460020,1721160175.321060917,1721160175.486780691
