taffo_start,init_start,vra_start,dta_start,conversion_start,backend_start,taffo_end
1721160188.185698141,1721160188.667581696,1721160188.753046815,1721160188.945972745,1721160189.034211683,1721160189.131084939,1721160189.298307632
