taffo_start,init_start,vra_start,dta_start,conversion_start,backend_start,taffo_end
1721160165.364167872,1721160165.774374262,1721160165.848635531,1721160166.014343128,1721160166.094103565,1721160166.172895290,1721160166.300046855
