taffo_start,init_start,vra_start,dta_start,conversion_start,backend_start,taffo_end
1721160178.802741882,1721160179.231086631,1721160179.316512044,1721160179.510548466,1721160179.598608987,1721160179.691095062,1721160179.856081632
