taffo_start,init_start,vra_start,dta_start,conversion_start,backend_start,taffo_end
1721160183.117530687,1721160183.553175175,1721160183.644985926,1721160183.842444886,1721160183.930643289,1721160184.023479645,1721160184.197208227
