taffo_start,init_start,vra_start,dta_start,conversion_start,backend_start,taffo_end
1721160169.439434282,1721160169.863274813,1721160169.948801025,1721160170.151650216,1721160170.239108698,1721160170.330982264,1721160170.496787303
