taffo_start,init_start,vra_start,dta_start,conversion_start,backend_start,taffo_end
1721160180.959121158,1721160181.389611810,1721160181.474483003,1721160181.674538427,1721160181.762750601,1721160181.855310032,1721160182.023305709
