taffo_start,init_start,vra_start,dta_start,conversion_start,backend_start,taffo_end
1721160171.582788389,1721160172.513245192,1721160172.708448417,1721160172.977215424,1721160173.065984323,1721160173.159266467,1721160173.324872059
