taffo_start,init_start,vra_start,dta_start,conversion_start,backend_start,taffo_end
1721160185.296927217,1721160185.738211474,1721160185.823139791,1721160186.023837981,1721160186.117529504,1721160186.232646847,1721160186.437653977
