taffo_start,init_start,vra_start,dta_start,conversion_start,backend_start,taffo_end
1721160167.291376221,1721160167.715504212,1721160167.800980356,1721160167.994565455,1721160168.085290867,1721160168.179919760,1721160168.345025532
