var_scaling_factor,var_name,var_min,var_max,var_isnan,var_isinf
512,tsteps,10.000000,10.000000,0,0
512,A,68.266670,546.133362,0,0
512,B,102.400002,580.266663,0,0
512,tsteps,10.000000,10.000000,0,0
512,A,68.266670,546.133362,0,0
512,B,102.400002,580.266663,0,0
