taffo_start,init_start,vra_start,dta_start,conversion_start,backend_start,taffo_end
1694173428.513403560,1694173428.955410027,1694173429.053942374,1694173429.197752334,1694173429.292441687,1694173429.393509126,1694173429.583656271
