taffo_start,init_start,vra_start,dta_start,conversion_start,backend_start,taffo_end
1694173426.368554914,1694173426.813056267,1694173426.911038491,1694173427.054313112,1694173427.148721514,1694173427.248758429,1694173427.433765179
