taffo_start,init_start,vra_start,dta_start,conversion_start,backend_start,taffo_end
1694173417.791484662,1694173418.230815842,1694173418.328807124,1694173418.472328835,1694173418.567569333,1694173418.667746120,1694173418.851303530
