taffo_start,init_start,vra_start,dta_start,conversion_start,backend_start,taffo_end
1694173419.932368012,1694173420.367911200,1694173420.469326350,1694173420.626849129,1694173420.721512481,1694173420.822176028,1694173421.007697464
