taffo_start,init_start,vra_start,dta_start,conversion_start,backend_start,taffo_end
1694173434.949603878,1694173435.384385761,1694173435.483206379,1694173435.638160710,1694173435.732306023,1694173435.833090141,1694173436.020954942
