taffo_start,init_start,vra_start,dta_start,conversion_start,backend_start,taffo_end
1694173432.813650420,1694173433.247440353,1694173433.345916336,1694173433.488746420,1694173433.583100431,1694173433.682941415,1694173433.867893790
