taffo_start,init_start,vra_start,dta_start,conversion_start,backend_start,taffo_end
1694173422.083642017,1694173422.523848787,1694173422.626314461,1694173422.768375584,1694173422.863623171,1694173422.966257517,1694173423.151104227
