taffo_start,init_start,vra_start,dta_start,conversion_start,backend_start,taffo_end
1694173437.110743364,1694173437.543915866,1694173437.647734655,1694173437.797687771,1694173437.893351211,1694173437.994560907,1694173438.183281869
