taffo_start,init_start,vra_start,dta_start,conversion_start,backend_start,taffo_end
1694173415.951366328,1694173416.369607041,1694173416.451423488,1694173416.563015350,1694173416.640465419,1694173416.719175975,1694173416.848376525
