taffo_start,init_start,vra_start,dta_start,conversion_start,backend_start,taffo_end
1694173424.221703147,1694173424.665930770,1694173424.763904609,1694173424.906568534,1694173425.002286077,1694173425.102944199,1694173425.288302101
