taffo_start,init_start,vra_start,dta_start,conversion_start,backend_start,taffo_end
1694173430.677665339,1694173431.115148254,1694173431.213292715,1694173431.355856426,1694173431.450241536,1694173431.550883481,1694173431.736445931
