var_scaling_factor,var_name,var_min,var_max,var_isnan,var_isinf
2,A,0.000000,1.900000,0,0
2,x1,0.000000,1.900000,0,0
2,x2,0.000000,1.900000,0,0
2,y_1,0.000000,1.900000,0,0
2,y_2,0.000000,1.900000,0,0
2,A,0.000000,1.900000,0,0
2,x1,0.000000,21.300001,0,0
2,x2,0.100000,20.900002,0,0
2,y_1,0.000000,1.900000,0,0
2,y_2,0.000000,1.900000,0,0
