taffo_start,init_start,vra_start,dta_start,conversion_start,backend_start,taffo_end
1694173925.570053060,1694173925.991915659,1694173926.075043898,1694173926.281986286,1694173926.363616096,1694173926.445790653,1694173926.583554689
