taffo_start,init_start,vra_start,dta_start,conversion_start,backend_start,taffo_end
1694173929.792793526,1694173930.236572742,1694173930.340630258,1694173930.590682505,1694173930.687349022,1694173930.787349932,1694173930.969167987
