taffo_start,init_start,vra_start,dta_start,conversion_start,backend_start,taffo_end
1694173936.563636859,1694173937.000565880,1694173937.096400874,1694173937.342592777,1694173937.438638574,1694173937.539157132,1694173937.720918779
