taffo_start,init_start,vra_start,dta_start,conversion_start,backend_start,taffo_end
1694173945.622877885,1694173946.064552961,1694173946.160349169,1694173946.405142275,1694173946.501255417,1694173946.603734615,1694173946.787144823
