taffo_start,init_start,vra_start,dta_start,conversion_start,backend_start,taffo_end
1694173943.378614655,1694173943.816992925,1694173943.912849742,1694173944.153936682,1694173944.249245341,1694173944.348112407,1694173944.535471086
