taffo_start,init_start,vra_start,dta_start,conversion_start,backend_start,taffo_end
1694173932.059108251,1694173932.502418877,1694173932.597966269,1694173932.841554024,1694173932.937273977,1694173933.037336878,1694173933.219271435
