taffo_start,init_start,vra_start,dta_start,conversion_start,backend_start,taffo_end
1694173938.848283225,1694173939.291801981,1694173939.387690312,1694173939.631793938,1694173939.728534540,1694173939.827564314,1694173940.011639249
