taffo_start,init_start,vra_start,dta_start,conversion_start,backend_start,taffo_end
1694173947.874820172,1694173948.316807277,1694173948.412568577,1694173948.658293850,1694173948.754426108,1694173948.853569281,1694173949.038315909
