taffo_start,init_start,vra_start,dta_start,conversion_start,backend_start,taffo_end
1694173927.552655668,1694173927.988494554,1694173928.084168496,1694173928.330219533,1694173928.425850717,1694173928.531282931,1694173928.717118602
