taffo_start,init_start,vra_start,dta_start,conversion_start,backend_start,taffo_end
1694173934.298944224,1694173934.734794522,1694173934.831944575,1694173935.075842604,1694173935.170856917,1694173935.273922901,1694173935.456134487
