taffo_start,init_start,vra_start,dta_start,conversion_start,backend_start,taffo_end
1694173941.121711846,1694173941.561541389,1694173941.656945443,1694173941.902587709,1694173942.003626790,1694173942.103718688,1694173942.294598354
