var_scaling_factor,var_name,var_min,var_max,var_isnan,var_isinf
128,A,0.000000,121.599998,0,0
128,x1,0.000000,121.599998,0,0
128,x2,0.000000,121.599998,0,0
128,y_1,0.000000,121.599998,0,0
128,y_2,0.000000,121.599998,0,0
128,A,0.000000,121.599998,0,0
128,x1,0.000000,80390.398438,0,0
128,x2,6.400000,81574.398438,0,0
128,y_1,0.000000,121.599998,0,0
128,y_2,0.000000,121.599998,0,0
