var_scaling_factor,var_name,var_min,var_max,var_isnan,var_isinf
8,A,8.000000,65.379997,0,0
8,B,8.000000,65.379997,0,0
8,b,32.200001,36.000000,0,0
8,x,0.000000,0.000000,0,0
8,y,0.000000,0.000000,0,0
8,A,0.100000,8.000003,0,0
8,B,8.000000,65.379997,0,0
8,b,32.200001,36.000000,0,0
8,x,-0.037947,3.998521,0,0
8,y,0.200001,32.200001,0,0
