taffo_start,init_start,vra_start,dta_start,conversion_start,backend_start,taffo_end
1694174676.364454132,1694174676.801728411,1694174676.899908266,1694174677.058972696,1694174677.153206519,1694174677.248178449,1694174677.414641765
