taffo_start,init_start,vra_start,dta_start,conversion_start,backend_start,taffo_end
1694174682.642199184,1694174683.086435900,1694174683.182421206,1694174683.339446916,1694174683.433036019,1694174683.527041389,1694174683.693518578
