taffo_start,init_start,vra_start,dta_start,conversion_start,backend_start,taffo_end
1694174670.060280368,1694174670.507288603,1694174670.617777822,1694174670.775572138,1694174670.877608300,1694174670.971868130,1694174671.140638057
