taffo_start,init_start,vra_start,dta_start,conversion_start,backend_start,taffo_end
1694174686.836402091,1694174687.307914095,1694174687.404071727,1694174687.560895467,1694174687.655758735,1694174687.750370736,1694174687.923622771
