taffo_start,init_start,vra_start,dta_start,conversion_start,backend_start,taffo_end
1694174680.544202130,1694174680.992286831,1694174681.088356519,1694174681.246595226,1694174681.340514080,1694174681.434538656,1694174681.601001916
