taffo_start,init_start,vra_start,dta_start,conversion_start,backend_start,taffo_end
1694174684.728060902,1694174685.176984137,1694174685.272248005,1694174685.429341652,1694174685.523013656,1694174685.624661046,1694174685.792246995
