taffo_start,init_start,vra_start,dta_start,conversion_start,backend_start,taffo_end
1694174688.955333647,1694174689.400694755,1694174689.496579863,1694174689.653731645,1694174689.747708719,1694174689.841836769,1694174690.010365941
