taffo_start,init_start,vra_start,dta_start,conversion_start,backend_start,taffo_end
1694174668.126202582,1694174668.548436419,1694174668.635430956,1694174668.787579968,1694174668.873817282,1694174668.958936269,1694174669.094510881
