taffo_start,init_start,vra_start,dta_start,conversion_start,backend_start,taffo_end
1694174674.269820114,1694174674.707680829,1694174674.804240453,1694174674.966355483,1694174675.060151991,1694174675.155504472,1694174675.323467996
