taffo_start,init_start,vra_start,dta_start,conversion_start,backend_start,taffo_end
1694174672.176201345,1694174672.614535555,1694174672.709502921,1694174672.872497930,1694174672.968238815,1694174673.062655148,1694174673.229422245
