taffo_start,init_start,vra_start,dta_start,conversion_start,backend_start,taffo_end
1694174678.448573164,1694174678.892161299,1694174678.992481996,1694174679.150969107,1694174679.244656415,1694174679.339518349,1694174679.505692685
