taffo_start,init_start,vra_start,dta_start,conversion_start,backend_start,taffo_end
1694171888.019196676,1694171888.458751327,1694171888.555727488,1694171888.707620416,1694171888.801209502,1694171888.901212367,1694171889.083842562
