taffo_start,init_start,vra_start,dta_start,conversion_start,backend_start,taffo_end
1694171869.036267063,1694171869.464935698,1694171869.547603689,1694171869.667259849,1694171869.745996018,1694171869.826929066,1694171869.960875963
