taffo_start,init_start,vra_start,dta_start,conversion_start,backend_start,taffo_end
1694171875.199540470,1694171875.657418363,1694171875.754886986,1694171875.907868852,1694171876.002668741,1694171876.099339847,1694171876.280290102
