taffo_start,init_start,vra_start,dta_start,conversion_start,backend_start,taffo_end
1694171879.477491724,1694171879.919804333,1694171880.017864383,1694171880.169211327,1694171880.263392136,1694171880.360974849,1694171880.550048777
