taffo_start,init_start,vra_start,dta_start,conversion_start,backend_start,taffo_end
1694171873.056424891,1694171873.501881179,1694171873.597586530,1694171873.749001572,1694171873.843716018,1694171873.942085622,1694171874.121594680
