taffo_start,init_start,vra_start,dta_start,conversion_start,backend_start,taffo_end
1694171877.343361258,1694171877.784577362,1694171877.886138074,1694171878.039081913,1694171878.132504948,1694171878.230076326,1694171878.411281573
