taffo_start,init_start,vra_start,dta_start,conversion_start,backend_start,taffo_end
1694171881.616037063,1694171882.051757072,1694171882.148871795,1694171882.303203263,1694171882.397064967,1694171882.493459863,1694171882.672973078
