taffo_start,init_start,vra_start,dta_start,conversion_start,backend_start,taffo_end
1694171885.883244736,1694171886.323962210,1694171886.420155572,1694171886.573742854,1694171886.667195030,1694171886.763525113,1694171886.947409013
