taffo_start,init_start,vra_start,dta_start,conversion_start,backend_start,taffo_end
1694171870.926119402,1694171871.362847391,1694171871.459097600,1694171871.611967625,1694171871.709354999,1694171871.805796171,1694171871.986655327
