taffo_start,init_start,vra_start,dta_start,conversion_start,backend_start,taffo_end
1694171883.740613550,1694171884.179037508,1694171884.277664085,1694171884.429890433,1694171884.525928285,1694171884.623299215,1694171884.803596040
