taffo_start,init_start,vra_start,dta_start,conversion_start,backend_start,taffo_end
1694171890.162241783,1694171890.611077882,1694171890.707273738,1694171890.859373953,1694171890.960496080,1694171891.057163570,1694171891.245968748
