taffo_start,init_start,vra_start,dta_start,conversion_start,backend_start,taffo_end
1721160210.773049542,1721160211.196637190,1721160211.281438358,1721160211.476499536,1721160211.566120244,1721160211.658606261,1721160211.823761362
