taffo_start,init_start,vra_start,dta_start,conversion_start,backend_start,taffo_end
1721160212.911751950,1721160213.337068518,1721160213.427058684,1721160213.619584196,1721160213.707516261,1721160213.799888131,1721160213.974873409
