taffo_start,init_start,vra_start,dta_start,conversion_start,backend_start,taffo_end
1721160196.896815616,1721160197.324406720,1721160197.409536177,1721160197.604369689,1721160197.699640325,1721160197.794261096,1721160197.961468036
