taffo_start,init_start,vra_start,dta_start,conversion_start,backend_start,taffo_end
1721160194.747489707,1721160195.171731138,1721160195.258991331,1721160195.456156541,1721160195.549848132,1721160195.642241066,1721160195.807546617
