taffo_start,init_start,vra_start,dta_start,conversion_start,backend_start,taffo_end
1721160199.066675480,1721160199.565812966,1721160199.651571481,1721160199.852857252,1721160199.942623041,1721160200.035826441,1721160200.202290315
