taffo_start,init_start,vra_start,dta_start,conversion_start,backend_start,taffo_end
1721160192.582755231,1721160193.012641988,1721160193.097619195,1721160193.301038976,1721160193.391046652,1721160193.483630125,1721160193.652884294
