taffo_start,init_start,vra_start,dta_start,conversion_start,backend_start,taffo_end
1721160201.291998971,1721160201.715549254,1721160201.802412743,1721160202.034398633,1721160202.122835530,1721160202.215975558,1721160202.386092366
