taffo_start,init_start,vra_start,dta_start,conversion_start,backend_start,taffo_end
1721160203.470054589,1721160203.934687762,1721160204.034020779,1721160204.239623582,1721160204.329904133,1721160204.422478811,1721160204.587532055
