taffo_start,init_start,vra_start,dta_start,conversion_start,backend_start,taffo_end
1721160208.621187234,1721160209.045298338,1721160209.130399729,1721160209.323998896,1721160209.412603245,1721160209.506449004,1721160209.671886003
