taffo_start,init_start,vra_start,dta_start,conversion_start,backend_start,taffo_end
1721160190.442420975,1721160190.962237314,1721160191.057045265,1721160191.255699390,1721160191.334065265,1721160191.412616774,1721160191.543175939
