taffo_start,init_start,vra_start,dta_start,conversion_start,backend_start,taffo_end
1721160205.836947688,1721160206.814030859,1721160206.926180905,1721160207.120634934,1721160207.209523455,1721160207.307648424,1721160207.474619935
