var_scaling_factor,var_name,var_min,var_max,var_isnan,var_isinf
8,tsteps,10.000000,10.000000,0,0
8,A,16.000000,208.000000,0,0
8,B,16.000000,208.000000,0,0
8,tsteps,10.000000,10.000000,0,0
8,A,16.000000,208.000000,0,0
8,B,16.000000,208.000000,0,0
