var_scaling_factor,var_name,var_min,var_max,var_isnan,var_isinf
4,A,0.000000,3.800000,0,0
4,x1,0.000000,3.800000,0,0
4,x2,0.000000,3.800000,0,0
4,y_1,0.000000,3.800000,0,0
4,y_2,0.000000,3.800000,0,0
4,A,0.000000,3.800000,0,0
4,x1,0.000000,81.799995,0,0
4,x2,0.200000,81.599998,0,0
4,y_1,0.000000,3.800000,0,0
4,y_2,0.000000,3.800000,0,0
