taffo_start,init_start,vra_start,dta_start,conversion_start,backend_start,taffo_end
1721159872.339672599,1721159872.819447457,1721159872.922284340,1721159873.330808034,1721159873.435807079,1721159873.540378234,1721159873.719116069
