taffo_start,init_start,vra_start,dta_start,conversion_start,backend_start,taffo_end
1721159879.829671578,1721159880.288253493,1721159880.400505355,1721159880.804810785,1721159880.909017641,1721159881.013753073,1721159881.192783568
