taffo_start,init_start,vra_start,dta_start,conversion_start,backend_start,taffo_end
1721159895.400348395,1721159895.836925695,1721159895.939755175,1721159896.346029097,1721159896.450073293,1721159896.555117981,1721159896.733708544
