taffo_start,init_start,vra_start,dta_start,conversion_start,backend_start,taffo_end
1721159877.323064702,1721159877.760974097,1721159877.863736712,1721159878.262390046,1721159878.366511637,1721159878.471518794,1721159878.659410807
