taffo_start,init_start,vra_start,dta_start,conversion_start,backend_start,taffo_end
1721159887.937714457,1721159888.373565834,1721159888.477544734,1721159888.883593312,1721159888.990468139,1721159889.099541743,1721159889.278126186
