taffo_start,init_start,vra_start,dta_start,conversion_start,backend_start,taffo_end
1721159884.872577811,1721159885.333580063,1721159885.436878390,1721159885.834507577,1721159885.939550289,1721159886.110980114,1721159886.388742683
