taffo_start,init_start,vra_start,dta_start,conversion_start,backend_start,taffo_end
1721159869.309109158,1721159869.736443973,1721159869.828086851,1721159870.206619925,1721159870.298447613,1721159870.393319657,1721159870.543877256
