taffo_start,init_start,vra_start,dta_start,conversion_start,backend_start,taffo_end
1721159892.930770081,1721159893.373241128,1721159893.476140599,1721159893.874782360,1721159893.979251889,1721159894.085732660,1721159894.263972770
