taffo_start,init_start,vra_start,dta_start,conversion_start,backend_start,taffo_end
1721159890.409027058,1721159890.853234024,1721159890.956101356,1721159891.408983519,1721159891.514974383,1721159891.620313974,1721159891.798713396
