taffo_start,init_start,vra_start,dta_start,conversion_start,backend_start,taffo_end
1721159874.847323194,1721159875.293679653,1721159875.396559799,1721159875.798139663,1721159875.909197334,1721159876.015857735,1721159876.195504434
