taffo_start,init_start,vra_start,dta_start,conversion_start,backend_start,taffo_end
1721159882.315041428,1721159882.752188511,1721159882.861601701,1721159883.262129445,1721159883.366521673,1721159883.471971951,1721159883.658993926
