taffo_start,init_start,vra_start,dta_start,conversion_start,backend_start,taffo_end
1694171923.886781148,1694171924.361376315,1694171924.469088914,1694171924.624799945,1694171924.719172101,1694171924.816986229,1694171924.997235334
