taffo_start,init_start,vra_start,dta_start,conversion_start,backend_start,taffo_end
1694171921.760637972,1694171922.204572113,1694171922.301445983,1694171922.453916127,1694171922.548162208,1694171922.644902091,1694171922.825247172
