taffo_start,init_start,vra_start,dta_start,conversion_start,backend_start,taffo_end
1694171926.066693788,1694171926.515876754,1694171926.612548840,1694171926.764146738,1694171926.857311955,1694171926.954375280,1694171927.136161387
