taffo_start,init_start,vra_start,dta_start,conversion_start,backend_start,taffo_end
1694171915.624863887,1694171916.046105453,1694171916.129823370,1694171916.252362958,1694171916.345098718,1694171916.425080534,1694171916.559016270
