taffo_start,init_start,vra_start,dta_start,conversion_start,backend_start,taffo_end
1694171930.330400934,1694171930.778164667,1694171930.874346579,1694171931.027926169,1694171931.121506694,1694171931.221848334,1694171931.404787368
