taffo_start,init_start,vra_start,dta_start,conversion_start,backend_start,taffo_end
1694171934.567336215,1694171935.003899087,1694171935.100328751,1694171935.256352139,1694171935.351316830,1694171935.447758840,1694171935.638180955
