taffo_start,init_start,vra_start,dta_start,conversion_start,backend_start,taffo_end
1694171917.512336268,1694171917.948635425,1694171918.046218028,1694171918.198521516,1694171918.293697897,1694171918.390332110,1694171918.571865101
