taffo_start,init_start,vra_start,dta_start,conversion_start,backend_start,taffo_end
1694171928.191819254,1694171928.633620720,1694171928.729604586,1694171928.888588120,1694171928.982927007,1694171929.085203250,1694171929.270544507
