taffo_start,init_start,vra_start,dta_start,conversion_start,backend_start,taffo_end
1694171919.629523553,1694171920.066174996,1694171920.165178062,1694171920.317163422,1694171920.413836410,1694171920.521758014,1694171920.701837026
