taffo_start,init_start,vra_start,dta_start,conversion_start,backend_start,taffo_end
1694171932.458660786,1694171932.895295266,1694171932.991250379,1694171933.144394163,1694171933.241186805,1694171933.338173347,1694171933.518005690
