taffo_start,init_start,vra_start,dta_start,conversion_start,backend_start,taffo_end
1694171936.708083786,1694171937.147719176,1694171937.246193894,1694171937.399923713,1694171937.493323010,1694171937.590295571,1694171937.773535554
