taffo_start,init_start,vra_start,dta_start,conversion_start,backend_start,taffo_end
1694171016.368817274,1694171016.819729728,1694171016.938374389,1694171017.192115584,1694171017.308111925,1694171017.423378354,1694171017.633015390
