taffo_start,init_start,vra_start,dta_start,conversion_start,backend_start,taffo_end
1694171021.206514259,1694171021.656916304,1694171021.775118422,1694171022.038794763,1694171022.154124506,1694171022.269836619,1694171022.477837078
