taffo_start,init_start,vra_start,dta_start,conversion_start,backend_start,taffo_end
1694171028.513913863,1694171028.965505930,1694171029.086082830,1694171029.341520030,1694171029.455394247,1694171029.574261926,1694171029.793115491
