taffo_start,init_start,vra_start,dta_start,conversion_start,backend_start,taffo_end
1694171006.877623295,1694171007.317240442,1694171007.424767859,1694171007.634137262,1694171007.730479404,1694171007.827469777,1694171007.993119006
