taffo_start,init_start,vra_start,dta_start,conversion_start,backend_start,taffo_end
1694171009.011020206,1694171009.463245280,1694171009.586479295,1694171009.841792793,1694171009.956088208,1694171010.073066135,1694171010.282214409
