taffo_start,init_start,vra_start,dta_start,conversion_start,backend_start,taffo_end
1694171030.996501126,1694171031.453327011,1694171031.571074785,1694171031.824299128,1694171031.938393087,1694171032.061148775,1694171032.282611576
