taffo_start,init_start,vra_start,dta_start,conversion_start,backend_start,taffo_end
1694171026.078010875,1694171026.534056650,1694171026.651811736,1694171026.908076002,1694171027.023377691,1694171027.144845207,1694171027.354792853
