taffo_start,init_start,vra_start,dta_start,conversion_start,backend_start,taffo_end
1694171023.625805268,1694171024.089477051,1694171024.207623054,1694171024.461175206,1694171024.575441573,1694171024.690591233,1694171024.900270904
