taffo_start,init_start,vra_start,dta_start,conversion_start,backend_start,taffo_end
1694171018.784025401,1694171019.237269617,1694171019.356578590,1694171019.610308038,1694171019.724598766,1694171019.839917183,1694171020.050699831
