taffo_start,init_start,vra_start,dta_start,conversion_start,backend_start,taffo_end
1694171013.906730788,1694171014.360205258,1694171014.478778567,1694171014.731379460,1694171014.847849813,1694171014.967523426,1694171015.185248664
