taffo_start,init_start,vra_start,dta_start,conversion_start,backend_start,taffo_end
1694171011.483357768,1694171011.944392249,1694171012.061821004,1694171012.315896805,1694171012.433764249,1694171012.550767276,1694171012.758689673
