var_scaling_factor,var_name,var_min,var_max,var_isnan,var_isinf
32,tsteps,10.000000,10.000000,0,0
32,A,3.200000,641.599976,0,0
32,tsteps,10.000000,10.000000,0,0
32,A,3.200000,641.599976,0,0
