var_scaling_factor,var_name,var_min,var_max,var_isnan,var_isinf
32,alpha,1.500000,1.500000,0,0
32,beta,1.200000,1.200000,0,0
32,C,0.000000,76.800003,0,0
32,A,-31968.000000,57.599998,0,0
32,B,3.200000,80.000000,0,0
32,alpha,1.500000,1.500000,0,0
32,beta,1.200000,1.200000,0,0
32,C,5126.399902,43810.558594,0,0
32,A,-31968.000000,57.599998,0,0
32,B,3.200000,80.000000,0,0
