var_scaling_factor,var_name,var_min,var_max,var_isnan,var_isinf
512,A,0.000000,488.727264,0,0
512,s,0.000000,0.000000,0,0
512,q,0.000000,0.000000,0,0
512,p,0.000000,486.399994,0,0
512,r,0.000000,488.727264,0,0
512,A,0.000000,488.727264,0,0
512,s,720896.000000,1793303.375000,0,0
512,q,0.000000,1584779.625000,0,0
512,p,0.000000,486.399994,0,0
512,r,0.000000,488.727264,0,0
