taffo_start,init_start,vra_start,dta_start,conversion_start,backend_start,taffo_end
1721160027.989253783,1721160028.398109329,1721160028.462444369,1721160028.552769757,1721160028.619979897,1721160028.688344577,1721160028.799832581
