taffo_start,init_start,vra_start,dta_start,conversion_start,backend_start,taffo_end
1721160035.594639712,1721160036.011548273,1721160036.085909914,1721160036.192201307,1721160036.267834667,1721160036.359617340,1721160036.603656183
