taffo_start,init_start,vra_start,dta_start,conversion_start,backend_start,taffo_end
1721160042.062433708,1721160042.484351794,1721160042.558783601,1721160042.666038491,1721160042.741608762,1721160042.818886167,1721160042.960950928
