taffo_start,init_start,vra_start,dta_start,conversion_start,backend_start,taffo_end
1721160038.164380009,1721160038.585361976,1721160038.659091667,1721160038.765089592,1721160038.847968017,1721160038.926415440,1721160039.071227147
