taffo_start,init_start,vra_start,dta_start,conversion_start,backend_start,taffo_end
1721160040.091661376,1721160040.508558442,1721160040.583569878,1721160040.689819618,1721160040.766013823,1721160040.846117332,1721160040.992684226
