taffo_start,init_start,vra_start,dta_start,conversion_start,backend_start,taffo_end
1721160033.640147114,1721160034.097333257,1721160034.171305127,1721160034.278818975,1721160034.363164714,1721160034.440587430,1721160034.581802694
