taffo_start,init_start,vra_start,dta_start,conversion_start,backend_start,taffo_end
1721160043.978523649,1721160044.393855098,1721160044.468096692,1721160044.577628338,1721160044.655440211,1721160044.732926614,1721160044.874492943
