taffo_start,init_start,vra_start,dta_start,conversion_start,backend_start,taffo_end
1721160031.672576059,1721160032.104578376,1721160032.178679157,1721160032.284375732,1721160032.364695113,1721160032.442598823,1721160032.584534857
