taffo_start,init_start,vra_start,dta_start,conversion_start,backend_start,taffo_end
1721160029.748766907,1721160030.165452112,1721160030.239041603,1721160030.352943090,1721160030.428323830,1721160030.505254059,1721160030.648049743
