taffo_start,init_start,vra_start,dta_start,conversion_start,backend_start,taffo_end
1721160045.889567242,1721160046.305540482,1721160046.379316758,1721160046.494749429,1721160046.573726119,1721160046.651583783,1721160046.792509497
