taffo_start,init_start,vra_start,dta_start,conversion_start,backend_start,taffo_end
1721160047.812932989,1721160048.229041549,1721160048.303465322,1721160048.409499410,1721160048.485032873,1721160048.566016854,1721160048.707542285
