taffo_start,init_start,vra_start,dta_start,conversion_start,backend_start,taffo_end
1721160001.547306717,1721160001.968490281,1721160002.042181074,1721160002.150640680,1721160002.226472752,1721160002.303697451,1721160002.445627001
