taffo_start,init_start,vra_start,dta_start,conversion_start,backend_start,taffo_end
1721159999.600590309,1721160000.015516444,1721160000.105073216,1721160000.211117041,1721160000.286578945,1721160000.364083179,1721160000.505528541
