taffo_start,init_start,vra_start,dta_start,conversion_start,backend_start,taffo_end
1721159997.683390318,1721159998.099951856,1721159998.174110615,1721159998.280895363,1721159998.356634501,1721159998.433831568,1721159998.574948700
