taffo_start,init_start,vra_start,dta_start,conversion_start,backend_start,taffo_end
1721159983.510386343,1721159983.915642306,1721159983.980662167,1721159984.071453921,1721159984.138719337,1721159984.206901882,1721159984.318123785
