taffo_start,init_start,vra_start,dta_start,conversion_start,backend_start,taffo_end
1721159985.265505644,1721159985.680291457,1721159985.754035067,1721159985.860260431,1721159985.938711927,1721159986.019429655,1721159986.160447184
