taffo_start,init_start,vra_start,dta_start,conversion_start,backend_start,taffo_end
1721160003.469613500,1721160003.886489531,1721160003.960626184,1721160004.068134250,1721160004.145465325,1721160004.222599040,1721160004.363724940
