taffo_start,init_start,vra_start,dta_start,conversion_start,backend_start,taffo_end
1721159991.019383503,1721159991.697074753,1721159991.816584871,1721159991.997551780,1721159992.159570559,1721159992.376585199,1721159992.595721229
