taffo_start,init_start,vra_start,dta_start,conversion_start,backend_start,taffo_end
1721159993.634427015,1721159994.054276183,1721159994.128246379,1721159994.234146837,1721159994.309702927,1721159994.386838001,1721159994.528133207
