taffo_start,init_start,vra_start,dta_start,conversion_start,backend_start,taffo_end
1721159989.095571495,1721159989.508674850,1721159989.582792906,1721159989.689016837,1721159989.764479633,1721159989.844122658,1721159989.985182702
