taffo_start,init_start,vra_start,dta_start,conversion_start,backend_start,taffo_end
1721159987.180236418,1721159987.594951555,1721159987.668812898,1721159987.774573231,1721159987.850634080,1721159987.927702211,1721159988.074490013
