taffo_start,init_start,vra_start,dta_start,conversion_start,backend_start,taffo_end
1721159995.556789639,1721159995.977408936,1721159996.055583731,1721159996.165864685,1721159996.242112795,1721159996.319674848,1721159996.462659225
