var_scaling_factor,var_name,var_min,var_max,var_isnan,var_isinf
8,alpha,1.500000,1.500000,0,0
8,beta,1.200000,1.200000,0,0
8,C,0.000000,19.200001,0,0
8,A,-7992.000000,14.400000,0,0
8,B,0.800000,20.000000,0,0
8,alpha,1.500000,1.500000,0,0
8,beta,1.200000,1.200000,0,0
8,C,331.199982,2744.640137,0,0
8,A,-7992.000000,14.400000,0,0
8,B,0.800000,20.000000,0,0
